[{"addr":"8700 152A ST, Surrey, BC","type":"Theft from Motor Vehicle","month":"7","year":"2014\r","longitude":"-122.7998912","latitude":"49.1609633"},{"addr":"12500 110TH AVE, Surrey, BC","type":"Theft from Motor Vehicle","month":"8","year":"2014\r","longitude":"-122.8758854","latitude":"49.20261559999999"},{"addr":"KING GEORGE BLVD, 76TH AVE, Surrey, BC","type":"Fatal/Injury Collision","month":"7","year":"2014\r","longitude":"-122.845817","latitude":"49.14007900000001"},{"addr":"124TH ST, 93A AVE, Surrey, BC","type":"Fatal/Injury Collision","month":"5","year":"2014\r","longitude":"-122.879041","latitude":"49.1632428"},{"addr":"7900 122ND ST, Surrey, BC","type":"Theft from Motor Vehicle","month":"5","year":"2014\r","longitude":"-122.8846208","latitude":"49.1464663"},{"addr":"15900 98A AVE, Surrey, BC","type":"Theft from Motor Vehicle","month":"5","year":"2014\r","longitude":"-122.781768","latitude":"49.1806092"},{"addr":"10500 UNIVERSITY DR, Surrey, BC","type":"Break and Enter - Residence","month":"3","year":"2014\r","longitude":"-122.8508019","latitude":"49.1932172"},{"addr":"8200 152ND ST, Surrey, BC","type":"Theft of Motor Vehicle","month":"10","year":"2014\r","longitude":"-122.8011997","latitude":"49.1519543"},{"addr":"120TH ST, 96TH AVE, Surrey, BC","type":"Fatal/Injury Collision","month":"3","year":"2014\r","longitude":"-122.85","latitude":"49.183333"},{"addr":"88TH AVE, FRASER HWY, Surrey, BC","type":"Fatal/Injury Collision","month":"4","year":"2014\r","longitude":"-122.759895","latitude":"49.1496831"},{"addr":"KING GEORGE BLVD, 102ND AVE, Surrey, BC","type":"Fatal/Injury Collision","month":"10","year":"2014\r","longitude":"-122.845209","latitude":"49.18822"},{"addr":"8500 132ND ST, Surrey, BC","type":"Theft of Motor Vehicle","month":"9","year":"2014\r","longitude":"-122.8568439","latitude":"49.1556066"},{"addr":"125TH ST, 110TH AVE, Surrey, BC","type":"Fatal/Injury Collision","month":"9","year":"2014\r","longitude":"-122.85","latitude":"49.183333"},{"addr":"152ND ST, 104TH AVE, Surrey, BC","type":"Fatal/Injury Collision","month":"2","year":"2014\r","longitude":"-122.85","latitude":"49.183333"},{"addr":"18100 72ND AVE, Surrey, BC","type":"Theft of Motor Vehicle","month":"10","year":"2014\r","longitude":"-122.7209493","latitude":"49.1333081"},{"addr":"10300 KING GEORGE BLVD, Surrey, BC","type":"Shoplifting","month":"7","year":"2014\r","longitude":"-122.8453149","latitude":"49.1888241"},{"addr":"15100 71A AVE, Surrey, BC","type":"Theft of Motor Vehicle","month":"8","year":"2014\r","longitude":"-122.8250943","latitude":"49.13274639999999"},{"addr":"12000 80TH AVE, Surrey, BC","type":"Theft from Motor Vehicle","month":"8","year":"2014\r","longitude":"-122.7995557","latitude":"49.1482918"},{"addr":"14600 84TH AVE, Surrey, BC","type":"Theft of Motor Vehicle","month":"5","year":"2014\r","longitude":"-122.8187104","latitude":"49.1555034"},{"addr":"6100 180TH ST, Surrey, BC","type":"Theft from Motor Vehicle","month":"9","year":"2014\r","longitude":"-122.7238106","latitude":"49.1131775"},{"addr":"2900 152ND ST, Surrey, BC","type":"Theft from Motor Vehicle","month":"6","year":"2014\r","longitude":"-122.8010659","latitude":"49.0551168"},{"addr":"6800 127A ST, Surrey, BC","type":"Theft of Motor Vehicle","month":"8","year":"2014\r","longitude":"-122.8695397","latitude":"49.1275251"},{"addr":"128TH ST, 80TH AVE, Surrey, BC","type":"Fatal/Injury Collision","month":"10","year":"2014\r","longitude":"-122.85","latitude":"49.183333"},{"addr":"15200 FRASER HWY, Surrey, BC","type":"Theft from Motor Vehicle","month":"3","year":"2014\r","longitude":"-122.8016908","latitude":"49.1660847"},{"addr":"176TH ST, 104TH AVE, Surrey, BC","type":"Break and Enter - Business","month":"7","year":"2014\r","longitude":"-122.85","latitude":"49.183333"},{"addr":"12500 110TH AVE, Surrey, BC","type":"Theft from Motor Vehicle","month":"5","year":"2014\r","longitude":"-122.8758854","latitude":"49.20261559999999"},{"addr":"300 188TH ST, Surrey, BC","type":"Break and Enter - Residence","month":"10","year":"2014\r","longitude":"-122.7023294","latitude":"49.0108231"},{"addr":"13900 FRASER HWY, Surrey, BC","type":"Theft from Motor Vehicle","month":"12","year":"2014\r","longitude":"-122.8367492","latitude":"49.1796933"},{"addr":"77TH AVE, 134TH ST, Surrey, BC","type":"Fatal/Injury Collision","month":"10","year":"2014\r","longitude":"-122.85","latitude":"49.183333"},{"addr":"9600 148TH ST, Surrey, BC","type":"Theft of Motor Vehicle","month":"5","year":"2014\r","longitude":"-122.8123308","latitude":"49.1767909"},{"addr":"10100 KING GEORGE BLVD, Surrey, BC","type":"Shoplifting","month":"5","year":"2014\r","longitude":"-122.8453785","latitude":"49.1864879"},{"addr":"128TH ST, 92ND AVE, Surrey, BC","type":"Theft from Motor Vehicle","month":"6","year":"2014\r","longitude":"-122.85","latitude":"49.183333"},{"addr":"78A AVE, 156TH ST, Surrey, BC","type":"Theft from Motor Vehicle","month":"2","year":"2014\r","longitude":"-122.7900993","latitude":"49.17351799999999"},{"addr":"10700 KING GEORGE BLVD, Surrey, BC","type":"Shoplifting","month":"10","year":"2014\r","longitude":"-122.8450519","latitude":"49.1970868"},{"addr":"9300 151ST ST, Surrey, BC","type":"Break and Enter - Residence","month":"12","year":"2014\r","longitude":"-122.8039272","latitude":"49.1330453"},{"addr":"10200 127TH ST, Surrey, BC","type":"Fatal/Injury Collision","month":"12","year":"2014\r","longitude":"-122.8713004","latitude":"49.1881379"},{"addr":"10300 CITY PKWY, Surrey, BC","type":"Fatal/Injury Collision","month":"8","year":"2014\r","longitude":"-122.8476792","latitude":"49.1894408"},{"addr":"12400 88TH AVE, Surrey, BC","type":"Shoplifting","month":"1","year":"2014\r","longitude":"-122.8789632","latitude":"49.1632267"},{"addr":"19100 76TH AVE, Surrey, BC","type":"Break and Enter - Residence","month":"7","year":"2014\r","longitude":"-122.6937493","latitude":"49.140851"},{"addr":"12100 72ND AVE, Surrey, BC","type":"Theft from Motor Vehicle","month":"5","year":"2014\r","longitude":"-122.8882097","latitude":"49.1340236"},{"addr":"92ND AVE, KING GEORGE BLVD, Surrey, BC","type":"Fatal/Injury Collision","month":"11","year":"2014\r","longitude":"-122.8351277","latitude":"49.10766899999999"},{"addr":"12900 76TH AVE, Surrey, BC","type":"Theft from Motor Vehicle","month":"11","year":"2014\r","longitude":"-122.8650918","latitude":"49.1409976"},{"addr":"12000 80TH AVE, Surrey, BC","type":"Shoplifting","month":"5","year":"2014\r","longitude":"-122.7995557","latitude":"49.1482918"},{"addr":"11100 136TH ST, Surrey, BC","type":"Theft from Motor Vehicle","month":"12","year":"2014\r","longitude":"-122.8454597","latitude":"49.11539339999999"},{"addr":"13700 112TH AVE, Surrey, BC","type":"Break and Enter - Business","month":"7","year":"2014\r","longitude":"-122.8424428","latitude":"49.20612570000001"},{"addr":"12100 59TH AVE, Surrey, BC","type":"Theft from Motor Vehicle","month":"10","year":"2014\r","longitude":"-122.887911","latitude":"49.1095903"},{"addr":"8300 152ND ST, Surrey, BC","type":"Fatal/Injury Collision","month":"10","year":"2014\r","longitude":"-122.8012997","latitude":"49.1548173"},{"addr":"13800 103RD AVE, Surrey, BC","type":"Theft from Motor Vehicle","month":"5","year":"2014\r","longitude":"-122.8396242","latitude":"49.1896554"},{"addr":"96TH AVE, PRINCE CHARLES BLVD, Surrey, BC","type":"Fatal/Injury Collision","month":"11","year":"2014\r","longitude":"-122.862172","latitude":"49.1724213"},{"addr":"13300 65A AVE, Surrey, BC","type":"Break and Enter - Residence","month":"5","year":"2014\r","longitude":"-122.7453877","latitude":"49.1215595"},{"addr":"10600 139TH ST, Surrey, BC","type":"Theft of Motor Vehicle","month":"1","year":"2014\r","longitude":"-122.8369532","latitude":"49.1939175"},{"addr":"2500 192ND ST, Surrey, BC","type":"Theft from Motor Vehicle","month":"7","year":"2014\r","longitude":"-122.6914315","latitude":"49.0471243"},{"addr":"13100 112TH AVE, Surrey, BC","type":"Break and Enter - Residence","month":"7","year":"2014\r","longitude":"-122.8006867","latitude":"49.2060189"},{"addr":"10800 142ND ST, Surrey, BC","type":"Theft from Motor Vehicle","month":"1","year":"2014\r","longitude":"-122.8290164","latitude":"49.1434137"},{"addr":"14800 71ST AVE, Surrey, BC","type":"Theft from Motor Vehicle","month":"11","year":"2014\r","longitude":"-122.841467","latitude":"49.13166709999999"},{"addr":"18600 52ND AVE, Surrey, BC","type":"Break and Enter - Business","month":"10","year":"2014\r","longitude":"-122.7048368","latitude":"49.0970455"},{"addr":"13000 76TH AVE, Surrey, BC","type":"Theft from Motor Vehicle","month":"11","year":"2014\r","longitude":"-122.8615769","latitude":"49.14096499999999"},{"addr":"12300 OLD YALE RD, Surrey, BC","type":"Theft from Motor Vehicle","month":"1","year":"2014\r","longitude":"-122.8819416","latitude":"49.1989426"},{"addr":"19300 LANGLEY BPS, Surrey, BC","type":"Theft from Motor Vehicle","month":"12","year":"2014\r","longitude":"-122.6889078","latitude":"49.10494"},{"addr":"137TH ST, 72A AVE, Surrey, BC","type":"Fatal/Injury Collision","month":"4","year":"2014\r","longitude":"-122.842807","latitude":"49.134903"},{"addr":"8400 150A ST, Surrey, BC","type":"Theft of Motor Vehicle","month":"4","year":"2014\r","longitude":"-122.8060725","latitude":"49.1424674"},{"addr":"96TH AVE, 128TH ST, Surrey, BC","type":"Shoplifting","month":"12","year":"2014\r","longitude":"-122.85","latitude":"49.183333"},{"addr":"16200 82ND AVE, Surrey, BC","type":"Theft from Motor Vehicle","month":"2","year":"2014\r","longitude":"-122.7730369","latitude":"49.1518441"},{"addr":"8500 BLOCK VENTURE WAY, Surrey, BC","type":"Theft from Motor Vehicle","month":"10","year":"2014\r","longitude":"-122.7833439","latitude":"49.1572602"},{"addr":"130TH ST, 59TH AVE, Surrey, BC","type":"Fatal/Injury Collision","month":"11","year":"2014\r","longitude":"-122.85","latitude":"49.183333"},{"addr":"14900 32ND AVE DVRS, Surrey, BC","type":"Fatal/Injury Collision","month":"3","year":"2014\r","longitude":"-122.85","latitude":"49.183333"},{"addr":"10500 WHALLEY BLVD, Surrey, BC","type":"Break and Enter - Residence","month":"1","year":"2014\r","longitude":"-122.8424142","latitude":"49.1934737"},{"addr":"3000 KING GEORGE BLVD, Surrey, BC","type":"Fatal/Injury Collision","month":"11","year":"2014\r","longitude":"-122.8076705","latitude":"49.05692819999999"},{"addr":"8400 170TH ST, Surrey, BC","type":"Theft from Motor Vehicle","month":"6","year":"2014\r","longitude":"-122.751261","latitude":"49.1150841"},{"addr":"120TH ST, 99TH AVE, Surrey, BC","type":"Fatal/Injury Collision","month":"12","year":"2014\r","longitude":"-122.85","latitude":"49.183333"},{"addr":"9500 127TH ST, Surrey, BC","type":"Theft of Motor Vehicle","month":"4","year":"2014\r","longitude":"-122.8708269","latitude":"49.1752333"},{"addr":"12300 73RD AVE, Surrey, BC","type":"Theft from Motor Vehicle","month":"3","year":"2014\r","longitude":"-122.6938722","latitude":"49.13523929999999"},{"addr":"7400 120TH ST, Surrey, BC","type":"Shoplifting","month":"7","year":"2014\r","longitude":"-122.8902268","latitude":"49.1375712"},{"addr":"10500 157TH ST, Surrey, BC","type":"Break and Enter - Residence","month":"12","year":"2014\r","longitude":"-122.7869246","latitude":"49.193289"},{"addr":"12500 76TH AVE, Surrey, BC","type":"Theft from Motor Vehicle","month":"6","year":"2014\r","longitude":"-122.8766308","latitude":"49.14107869999999"},{"addr":"14100 SUNRIDGE PL, Surrey, BC","type":"Theft of Motor Vehicle","month":"12","year":"2014\r","longitude":"-122.830879","latitude":"49.1455008"},{"addr":"13800 104TH AVE, Surrey, BC","type":"Fatal/Injury Collision","month":"4","year":"2014\r","longitude":"-122.8397104","latitude":"49.1915"},{"addr":"10000 127A ST, Surrey, BC","type":"Break and Enter - Residence","month":"5","year":"2014\r","longitude":"-122.8693088","latitude":"49.1304758"},{"addr":"8800 141A ST, Surrey, BC","type":"Theft of Motor Vehicle","month":"3","year":"2014\r","longitude":"-122.8309584","latitude":"49.1628961"},{"addr":"12500 110TH AVE, Surrey, BC","type":"Theft from Motor Vehicle","month":"8","year":"2014\r","longitude":"-122.8758854","latitude":"49.20261559999999"},{"addr":"15800 26TH AVE, Surrey, BC","type":"Shoplifting","month":"12","year":"2014\r","longitude":"-122.7823933","latitude":"49.0491804"},{"addr":"7500 KING GEORGE BLVD, Surrey, BC","type":"Shoplifting","month":"3","year":"2014\r","longitude":"-122.845605","latitude":"49.13909109999999"},{"addr":"8400 162ND ST, Surrey, BC","type":"Fatal/Injury Collision","month":"11","year":"2014\r","longitude":"-122.7735278","latitude":"49.1552963"},{"addr":"14400 85A AVE, Surrey, BC","type":"Theft from Motor Vehicle","month":"1","year":"2014\r","longitude":"-122.8824398","latitude":"49.1587535"},{"addr":"15800 108A AVE, Surrey, BC","type":"Break and Enter - Residence","month":"11","year":"2014\r","longitude":"-122.779579","latitude":"49.1987648"},{"addr":"18100 70TH AVE, Surrey, BC","type":"Theft from Motor Vehicle","month":"10","year":"2014\r","longitude":"-122.7007763","latitude":"49.1298667"},{"addr":"18700 68TH AVE, Surrey, BC","type":"Break and Enter - Residence","month":"12","year":"2014\r","longitude":"-122.704271","latitude":"49.12608700000001"},{"addr":"9100 148TH ST, Surrey, BC","type":"Break and Enter - Residence","month":"10","year":"2014\r","longitude":"-122.8123614","latitude":"49.170025"},{"addr":"2300 KING GEORGE BLVD, Surrey, BC","type":"Theft from Motor Vehicle","month":"2","year":"2014\r","longitude":"-122.7898661","latitude":"49.0426297"},{"addr":"14900 76A AVE, Surrey, BC","type":"Theft from Motor Vehicle","month":"4","year":"2014\r","longitude":"-122.8091614","latitude":"49.1419559"},{"addr":"15000 32ND AVE, Surrey, BC","type":"Break and Enter - Business","month":"3","year":"2014\r","longitude":"-122.8064556","latitude":"49.0600918"},{"addr":"104TH AVE, 132ND ST, Surrey, BC","type":"Fatal/Injury Collision","month":"3","year":"2014\r","longitude":"-122.85","latitude":"49.183333"},{"addr":"8000 121A ST, Surrey, BC","type":"Theft of Motor Vehicle","month":"6","year":"2014\r","longitude":"-122.8860069","latitude":"49.182657"},{"addr":"13000 64TH AVE, Surrey, BC","type":"Theft of Motor Vehicle","month":"7","year":"2014\r","longitude":"-122.8620791","latitude":"49.1189992"},{"addr":"7200 145A ST, Surrey, BC","type":"Theft from Motor Vehicle","month":"1","year":"2014\r","longitude":"-122.8191857","latitude":"49.1337658"},{"addr":"15000 94TH AVE, Surrey, BC","type":"Theft from Motor Vehicle","month":"4","year":"2014\r","longitude":"-122.806333","latitude":"49.1734912"},{"addr":"17100 83RD AVE, Surrey, BC","type":"Theft from Motor Vehicle","month":"1","year":"2014\r","longitude":"-122.7720085","latitude":"49.1536301"},{"addr":"15300 24TH AVE, Surrey, BC","type":"Break and Enter - Residence","month":"9","year":"2014\r","longitude":"-122.7984074","latitude":"49.0455502"},{"addr":"19100 69TH AVE, Surrey, BC","type":"Theft from Motor Vehicle","month":"11","year":"2014\r","longitude":"-122.6942064","latitude":"49.1284366"},{"addr":"2500 144TH ST, Surrey, BC","type":"Theft from Motor Vehicle","month":"8","year":"2014\r","longitude":"-122.8232573","latitude":"49.0530645"},{"addr":"9100 158TH ST, Surrey, BC","type":"Theft of Motor Vehicle","month":"4","year":"2014\r","longitude":"-122.78447","latitude":"49.1689576"},{"addr":"12700 110TH AVE, Surrey, BC","type":"Shoplifting","month":"1","year":"2014\r","longitude":"-122.7951089","latitude":"49.2023868"},{"addr":"10100 KING GEORGE BLVD, Surrey, BC","type":"Shoplifting","month":"8","year":"2014\r","longitude":"-122.8453785","latitude":"49.1864879"},{"addr":"152ND ST, FRASER HWY, Surrey, BC","type":"Fatal/Injury Collision","month":"12","year":"2014\r","longitude":"-122.759895","latitude":"49.1496831"},{"addr":"10300 KING GEORGE BLVD, Surrey, BC","type":"Shoplifting","month":"11","year":"2014\r","longitude":"-122.8453149","latitude":"49.1888241"},{"addr":"12500 72ND AVE, Surrey, BC","type":"Break and Enter - Business","month":"12","year":"2014\r","longitude":"-122.8760997","latitude":"49.133859"},{"addr":"13900 FRASER HWY, Surrey, BC","type":"Shoplifting","month":"6","year":"2014\r","longitude":"-122.8367492","latitude":"49.1796933"},{"addr":"9900 128A ST, Surrey, BC","type":"Theft from Motor Vehicle","month":"8","year":"2014\r","longitude":"-122.8676914","latitude":"49.1826319"},{"addr":"9000 144A ST, Surrey, BC","type":"Theft from Motor Vehicle","month":"8","year":"2014\r","longitude":"-122.8219714","latitude":"49.10719580000001"},{"addr":"10100 147A ST, Surrey, BC","type":"Theft of Motor Vehicle","month":"9","year":"2014\r","longitude":"-122.8136783","latitude":"49.1699697"},{"addr":"10200 KING GEORGE BLVD, Surrey, BC","type":"Theft of Motor Vehicle","month":"8","year":"2014\r","longitude":"-122.8453576","latitude":"49.1878338"},{"addr":"7500 KING GEORGE BLVD, Surrey, BC","type":"Shoplifting","month":"10","year":"2014\r","longitude":"-122.845605","latitude":"49.13909109999999"},{"addr":"12900 22A AVE, Surrey, BC","type":"Theft from Motor Vehicle","month":"7","year":"2014\r","longitude":"-122.8643333","latitude":"49.04258919999999"},{"addr":"10100 KING GEORGE BLVD, Surrey, BC","type":"Shoplifting","month":"12","year":"2014\r","longitude":"-122.8453785","latitude":"49.1864879"},{"addr":"6300 183A ST, Surrey, BC","type":"Theft of Motor Vehicle","month":"11","year":"2014\r","longitude":"-122.7138333","latitude":"49.1120392"},{"addr":"3000 184TH ST, Surrey, BC","type":"Fatal/Injury Collision","month":"1","year":"2014\r","longitude":"-122.7134178","latitude":"49.0567228"},{"addr":"15800 102A AVE, Surrey, BC","type":"Theft from Motor Vehicle","month":"8","year":"2014\r","longitude":"-122.7955128","latitude":"49.18877639999999"},{"addr":"SCOTT RD, 104TH AVE, Surrey, BC","type":"Fatal/Injury Collision","month":"9","year":"2014\r","longitude":"-122.85","latitude":"49.183333"},{"addr":"7400 KING GEORGE BLVD, Surrey, BC","type":"Shoplifting","month":"6","year":"2014\r","longitude":"-122.8455965","latitude":"49.1374649"},{"addr":"11400 142ND ST, Surrey, BC","type":"Break and Enter - Residence","month":"6","year":"2014\r","longitude":"-122.8290164","latitude":"49.1434137"},{"addr":"10300 175TH ST, Surrey, BC","type":"Theft from Motor Vehicle","month":"3","year":"2014\r","longitude":"-122.7371219","latitude":"49.16994950000001"},{"addr":"7100 140TH ST, Surrey, BC","type":"Break and Enter - Residence","month":"7","year":"2014\r","longitude":"-122.8344294","latitude":"49.1316622"},{"addr":"9100 148TH ST, Surrey, BC","type":"Break and Enter - Residence","month":"9","year":"2014\r","longitude":"-122.8123614","latitude":"49.170025"},{"addr":"9000 146A ST, Surrey, BC","type":"Theft from Motor Vehicle","month":"7","year":"2014\r","longitude":"-122.8177885","latitude":"49.1112403"},{"addr":"5600 145A ST, Surrey, BC","type":"Break and Enter - Residence","month":"11","year":"2014\r","longitude":"-122.8191857","latitude":"49.1337658"},{"addr":"9500 164TH ST, Surrey, BC","type":"Theft from Motor Vehicle","month":"10","year":"2014\r","longitude":"-122.7677035","latitude":"49.17488179999999"},{"addr":"177B ST, 56TH AVE, Surrey, BC","type":"Fatal/Injury Collision","month":"7","year":"2014\r","longitude":"-122.7861305","latitude":"49.1045036"},{"addr":"2200 130TH ST, Surrey, BC","type":"Theft of Motor Vehicle","month":"8","year":"2014\r","longitude":"-122.8619581","latitude":"49.03445079999999"},{"addr":"9600 148TH ST, Surrey, BC","type":"Theft of Motor Vehicle","month":"9","year":"2014\r","longitude":"-122.8123308","latitude":"49.1767909"},{"addr":"168TH ST, 92A AVE, Surrey, BC","type":"Fatal/Injury Collision","month":"8","year":"2014\r","longitude":"-122.7566292","latitude":"49.1770083"},{"addr":"CRANLEY DR, SUFFOLK RD, Surrey, BC","type":"Fatal/Injury Collision","month":"3","year":"2014\r","longitude":"-122.781829","latitude":"49.041661"},{"addr":"FRASER HWY, 96TH AVE, Surrey, BC","type":"Fatal/Injury Collision","month":"12","year":"2014\r","longitude":"-122.85","latitude":"49.183333"},{"addr":"17400 60TH AVE, Surrey, BC","type":"Break and Enter - Residence","month":"7","year":"2014\r","longitude":"-122.7404544","latitude":"49.11132"},{"addr":"1700 152ND ST, Surrey, BC","type":"Shoplifting","month":"8","year":"2014\r","longitude":"-122.8011012","latitude":"49.032978"},{"addr":"16900 60TH AVE, Surrey, BC","type":"Theft from Motor Vehicle","month":"5","year":"2014\r","longitude":"-122.7539373","latitude":"49.1115369"},{"addr":"8800 152ND ST, Surrey, BC","type":"Shoplifting","month":"3","year":"2014\r","longitude":"-122.8014103","latitude":"49.1626106"},{"addr":"7500 KING GEORGE BLVD, Surrey, BC","type":"Shoplifting","month":"7","year":"2014\r","longitude":"-122.845605","latitude":"49.13909109999999"},{"addr":"7200 122ND ST, Surrey, BC","type":"Break and Enter - Business","month":"3","year":"2014\r","longitude":"-122.8848039","latitude":"49.1339739"},{"addr":"12900 66A AVE, Surrey, BC","type":"Theft of Motor Vehicle","month":"7","year":"2014\r","longitude":"-122.7299808","latitude":"49.12339780000001"},{"addr":"7000 133B ST, Surrey, BC","type":"Theft of Motor Vehicle","month":"12","year":"2014\r","longitude":"-122.8521897","latitude":"49.12540809999999"},{"addr":"5200 BLOCK 192ND ST, Surrey, BC","type":"Fatal/Injury Collision","month":"12","year":"2014\r","longitude":"-122.6909413","latitude":"49.0920941"},{"addr":"19400 65TH AVE, Surrey, BC","type":"Theft of Motor Vehicle","month":"7","year":"2014\r","longitude":"-122.6978008","latitude":"49.1203864"},{"addr":"9500 124TH ST, Surrey, BC","type":"Theft from Motor Vehicle","month":"11","year":"2014\r","longitude":"-122.8792373","latitude":"49.1754553"},{"addr":"18800 69TH AVE, Surrey, BC","type":"Theft from Motor Vehicle","month":"8","year":"2014\r","longitude":"-122.7016877","latitude":"49.128471"},{"addr":"13200 OLD YALE RD, Surrey, BC","type":"Theft from Motor Vehicle","month":"5","year":"2014\r","longitude":"-122.856388","latitude":"49.1876624"},{"addr":"6200 128TH ST, Surrey, BC","type":"Fatal/Injury Collision","month":"2","year":"2014\r","longitude":"-122.8677194","latitude":"49.11538909999999"},{"addr":"176TH ST, 68A AVE, Surrey, BC","type":"Fatal/Injury Collision","month":"10","year":"2014\r","longitude":"-122.7346778","latitude":"49.0032367"},{"addr":"6100 131A ST, Surrey, BC","type":"Theft from Motor Vehicle","month":"1","year":"2014\r","longitude":"-122.8584189","latitude":"49.1132922"},{"addr":"8000 KING GEORGE BLVD, Surrey, BC","type":"Shoplifting","month":"3","year":"2014\r","longitude":"-122.8456654","latitude":"49.14847049999999"},{"addr":"14600 96TH AVE, Surrey, BC","type":"Theft from Motor Vehicle","month":"10","year":"2014\r","longitude":"-122.828344","latitude":"49.1765607"},{"addr":"99TH AVE, 130TH ST, Surrey, BC","type":"Theft from Motor Vehicle","month":"9","year":"2014\r","longitude":"-122.8622953","latitude":"49.1540772"},{"addr":"10300 152ND ST, Surrey, BC","type":"Shoplifting","month":"3","year":"2014\r","longitude":"-122.8008028","latitude":"49.1897514"},{"addr":"138A ST, 100TH AVE, Surrey, BC","type":"Theft of Motor Vehicle","month":"5","year":"2014\r","longitude":"-122.8122797","latitude":"49.1841591"},{"addr":"14400 68TH AVE, Surrey, BC","type":"Theft of Motor Vehicle","month":"7","year":"2014\r","longitude":"-122.8236377","latitude":"49.1261957"},{"addr":"7100 134TH ST, Surrey, BC","type":"Theft of Motor Vehicle","month":"9","year":"2014\r","longitude":"-122.851116","latitude":"49.1316722"},{"addr":"10100 KING GEORGE BLVD, Surrey, BC","type":"Shoplifting","month":"3","year":"2014\r","longitude":"-122.8453785","latitude":"49.1864879"},{"addr":"16500 GLENWOOD CRES N, Surrey, BC","type":"Theft from Motor Vehicle","month":"3","year":"2014\r","longitude":"-122.7654226","latitude":"49.19773379999999"},{"addr":"64TH AVE, 184TH ST, Surrey, BC","type":"Theft of Motor Vehicle","month":"9","year":"2014\r","longitude":"-122.85","latitude":"49.183333"},{"addr":"13200 OLD YALE RD, Surrey, BC","type":"Theft from Motor Vehicle","month":"4","year":"2014\r","longitude":"-122.856388","latitude":"49.1876624"},{"addr":"8900 140A ST, Surrey, BC","type":"Break and Enter - Residence","month":"9","year":"2014\r","longitude":"-122.8336474","latitude":"49.1643477"},{"addr":"6100 132ND ST, Surrey, BC","type":"Theft of Motor Vehicle","month":"5","year":"2014\r","longitude":"-122.8563546","latitude":"49.1136554"},{"addr":"8900 152ND ST, Surrey, BC","type":"Shoplifting","month":"5","year":"2014\r","longitude":"-122.8014029","latitude":"49.1647057"},{"addr":"14500 84TH AVE, Surrey, BC","type":"Fatal/Injury Collision","month":"4","year":"2014\r","longitude":"-122.8183389","latitude":"49.1555021"},{"addr":"132ND ST, 78TH AVE, Surrey, BC","type":"Fatal/Injury Collision","month":"10","year":"2014\r","longitude":"-122.85","latitude":"49.183333"},{"addr":"15600 97A AVE, Surrey, BC","type":"Theft of Motor Vehicle","month":"8","year":"2014\r","longitude":"-122.8821636","latitude":"49.179758"},{"addr":"56TH AVE, 192ND ST, Surrey, BC","type":"Break and Enter - Business","month":"4","year":"2014\r","longitude":"-122.85","latitude":"49.183333"},{"addr":"KING GEORGE BLVD, 104TH AVE, Surrey, BC","type":"Fatal/Injury Collision","month":"6","year":"2014\r","longitude":"-122.85","latitude":"49.183333"},{"addr":"132ND ST, 100TH AVE, Surrey, BC","type":"Fatal/Injury Collision","month":"10","year":"2014\r","longitude":"-122.85","latitude":"49.183333"},{"addr":"KING GEORGE BLVD, 104TH AVE, Surrey, BC","type":"Break and Enter - Business","month":"7","year":"2014\r","longitude":"-122.85","latitude":"49.183333"},{"addr":"72ND AVE, KING GEORGE BLVD, Surrey, BC","type":"Fatal/Injury Collision","month":"7","year":"2014\r","longitude":"-122.8351277","latitude":"49.10766899999999"},{"addr":"15500 107A AVE, Surrey, BC","type":"Theft from Motor Vehicle","month":"5","year":"2014\r","longitude":"-122.7923286","latitude":"49.19796040000001"},{"addr":"13400 96TH AVE, Surrey, BC","type":"Fatal/Injury Collision","month":"11","year":"2014\r","longitude":"-122.8512911","latitude":"49.1770734"},{"addr":"13100 92ND AVE, Surrey, BC","type":"Theft from Motor Vehicle","month":"4","year":"2014\r","longitude":"-122.859856","latitude":"49.1698849"},{"addr":"15600 48TH AVE, Surrey, BC","type":"Fatal/Injury Collision","month":"8","year":"2014\r","longitude":"-122.7900157","latitude":"49.0897987"},{"addr":"194A ST, 72ND AVE, Surrey, BC","type":"Theft of Motor Vehicle","month":"1","year":"2014\r","longitude":"-122.6352386","latitude":"49.1332934"},{"addr":"13000 98TH AVE, Surrey, BC","type":"Theft from Motor Vehicle","month":"1","year":"2014\r","longitude":"-122.8623192","latitude":"49.1807812"},{"addr":"9200 136B ST, Surrey, BC","type":"Theft from Motor Vehicle","month":"4","year":"2014\r","longitude":"-122.8435231","latitude":"49.1334642"},{"addr":"9400 PRINCE CHARLES BLVD, Surrey, BC","type":"Theft from Motor Vehicle","month":"7","year":"2014\r","longitude":"-122.8631007","latitude":"49.1742537"},{"addr":"15400 111A AVE, Surrey, BC","type":"Break and Enter - Residence","month":"9","year":"2014\r","longitude":"-122.7951663","latitude":"49.2051555"},{"addr":"FRASER HWY, 140TH ST, Surrey, BC","type":"Fatal/Injury Collision","month":"3","year":"2014\r","longitude":"-122.833717","latitude":"49.178455"},{"addr":"8100 156TH ST, Surrey, BC","type":"Theft of Motor Vehicle","month":"5","year":"2014\r","longitude":"-122.7901039","latitude":"49.1501499"},{"addr":"14800 20TH AVE, Surrey, BC","type":"Theft from Motor Vehicle","month":"12","year":"2014\r","longitude":"-122.8122316","latitude":"49.0383906"},{"addr":"7400 HURDLE CRES, Surrey, BC","type":"Theft of Motor Vehicle","month":"3","year":"2014\r","longitude":"-122.8638664","latitude":"49.1382741"},{"addr":"1600 152ND ST, Surrey, BC","type":"Shoplifting","month":"5","year":"2014\r","longitude":"-122.8011064","latitude":"49.031252"},{"addr":"18900 70A AVE, Surrey, BC","type":"Theft from Motor Vehicle","month":"4","year":"2014\r","longitude":"-122.8694425","latitude":"49.13052159999999"},{"addr":"103A AVE, 154TH ST, Surrey, BC","type":"Fatal/Injury Collision","month":"9","year":"2014\r","longitude":"-122.7946321","latitude":"49.1511528"},{"addr":"7300 120TH ST, Surrey, BC","type":"Theft from Motor Vehicle","month":"9","year":"2014\r","longitude":"-122.8902435","latitude":"49.1348607"},{"addr":"13300 102A AVE, Surrey, BC","type":"Theft from Motor Vehicle","month":"7","year":"2014\r","longitude":"-122.8173986","latitude":"49.1885708"},{"addr":"14600 104TH AVE, Surrey, BC","type":"Shoplifting","month":"12","year":"2014\r","longitude":"-122.8175015","latitude":"49.191495"},{"addr":"13700 88TH AVE, Surrey, BC","type":"Theft from Motor Vehicle","month":"8","year":"2014\r","longitude":"-122.8457671","latitude":"49.16269519999999"},{"addr":"10700 142A ST, Surrey, BC","type":"Theft from Motor Vehicle","month":"8","year":"2014\r","longitude":"-122.827242","latitude":"49.1970821"},{"addr":"188TH ST, FRASER HWY, Surrey, BC","type":"Fatal/Injury Collision","month":"12","year":"2014\r","longitude":"-122.759895","latitude":"49.1496831"},{"addr":"15300 100TH AVE, Surrey, BC","type":"Theft of Motor Vehicle","month":"3","year":"2014\r","longitude":"-122.798312","latitude":"49.1842299"},{"addr":"2300 160TH ST, Surrey, BC","type":"Shoplifting","month":"8","year":"2014\r","longitude":"-122.779092","latitude":"49.0447879"},{"addr":"10600 KING GEORGE BLVD, Surrey, BC","type":"Shoplifting","month":"10","year":"2014\r","longitude":"-122.8451932","latitude":"49.1949226"},{"addr":"13300 14A AVE, Surrey, BC","type":"Theft from Motor Vehicle","month":"10","year":"2014\r","longitude":"-122.854016","latitude":"49.0286086"},{"addr":"10100 157TH ST, Surrey, BC","type":"Theft of Motor Vehicle","month":"1","year":"2014\r","longitude":"-122.7869121","latitude":"49.1866083"},{"addr":"148TH ST, 101A AVE, Surrey, BC","type":"Theft from Motor Vehicle","month":"5","year":"2014\r","longitude":"-122.8124327","latitude":"49.1947501"},{"addr":"13200 CRESCENT RD, Surrey, BC","type":"Fatal/Injury Collision","month":"3","year":"2014\r","longitude":"-122.8568523","latitude":"49.0569096"},{"addr":"18700 63RD AVE, Surrey, BC","type":"Theft from Motor Vehicle","month":"10","year":"2014\r","longitude":"-122.7567121","latitude":"49.1164357"}]