DEVICE_TYPE,DEVICE_TYPE2,FACILITYID,LEGACYID,MATERIAL,YEAR_BUILT,ROTATION,STATUS,PROJECT_NO,YR,OWNER,LOCATION,COMMENTS,GIS_ENTRY_STAGE,WARRANTYDATE,CONDITION,CONDITIONDATE,YTD_COST,LIFECYCLE_COST,CRE_DATE,MOD_DATE,Latitude,Longitude
7,Speed Hump,1001188227,,Asphalt,2009,,In Service,7806-0098-00,2009,Surrey,,,Final AB,,,,,,20110131,20110131,49.008910,-122.744886
7,Speed Hump,1001188226,,Asphalt,2009,,In Service,7806-0098-00,2009,Surrey,,,Final AB,,,,,,20110131,20110131,49.008908,-122.745937
7,Speed Hump,1001188258,,Asphalt,2009,,In Service,7806-0098-00,2009,Surrey,,,Final AB,,,,,,20110131,20110131,49.008217,-122.745764
7,Speed Hump,1001188274,,Asphalt,2009,,In Service,7806-0098-00,2009,Surrey,,,Final AB,,,,,,20110131,20110131,49.008217,-122.744671
7,Speed Hump,1001145422,,,,,In Service,7807-0180-00,2007,Surrey,,,Final AB,,,,,,20100111,20100304,49.129617,-122.695248
7,Speed Hump,1001151846,,Asphalt,,,Proposed,,,Surrey,,,EC,,,,,,20100305,20100305,49.033384,-122.796889
7,Speed Hump,1001164004,,Asphalt,,,Proposed,7806-0319-00,2007,Surrey,,,EC,,,,,,20100614,20100614,49.008915,-122.743404
7,Speed Hump,1001193137,,,,,Proposed,7807-0177-00,,Surrey,,,EC,,,,,,20110323,20110323,49.159113,-122.780431
7,Speed Hump,1001193138,,,,,Proposed,7807-0177-00,,Surrey,,,EC,,,,,,20110323,20110323,49.159196,-122.780638
7,Speed Hump,1001193140,,,,,Proposed,7807-0177-00,,Surrey,,,EC,,,,,,20110323,20110323,49.159965,-122.780437
7,Speed Hump,1001193139,,,,,Proposed,7807-0177-00,,Surrey,,,EC,,,,,,20110323,20110323,49.159446,-122.780434
7,Speed Hump,1001075261,187,Asphalt,,0,In Service, ,,Surrey,187, ,Final AB,,,,,,,20081212,49.182711,-122.787072
0,All Way Stop,1000963721,,,,0,In Service,,,Surrey,,,Final AB,,,,,,,20081212,49.107789,-122.734966
7,Speed Hump,1001075326,54,Asphalt,2006,0,In Service, ,2006,Surrey,54, ,Final AB,,,,,,,20081212,49.117442,-122.883076
0,All Way Stop,1000963710,,,,0,In Service,,,Surrey,,,Final AB,,,,,,,20081212,49.170012,-122.873658
8,Speed Table,1001075303,236,Asphalt,,0,In Service, ,,Surrey,236, ,Final AB,,,,,,,20081212,49.199310,-122.756583
7,Speed Hump,1001075367,179,Asphalt,,0,In Service, ,,Surrey,179,TC05-40,Final AB,,,,,,,20081212,49.181634,-122.901696
7,Speed Hump,1001075206,181,Asphalt,,0,In Service, ,,Surrey,181, ,Final AB,,,,,,,20081212,49.179699,-122.901261
7,Speed Hump,1001075356,186,Asphalt,,0,In Service, ,,Surrey,186,TC05-47,Final AB,,,,,,,20081212,49.183691,-122.787055
0,All Way Stop,1000963748,,,,0,In Service,,,Surrey,,,Final AB,,,,,,,20081212,49.148253,-122.790081
8,Speed Table,1001075307,254,Asphalt,2008,90,In Service, ,2008,Surrey,254,Location south?,Final AB,,,,,,,20081212,49.068076,-122.779157
9,Traffic Circle,1001075284,5,Concrete,2006,0,In Service, ,2006,Surrey,5, ,Final AB,,,,,,,20081212,49.035677,-122.810987
7,Speed Hump,1001075180,121,Asphalt,2007,0,In Service, ,2007,Surrey,121, ,Final AB,,,,,,,20081212,49.159163,-122.793304
8,Speed Table,1001075129,58,Asphalt,2006,90,In Service, ,2006,Surrey,58, ,Final AB,,,,,,,20081212,49.115999,-122.879091
3,Raised Crosswalk,1001075296,87,Asphalt,,0,In Service, ,,Surrey,87, ,Final AB,,,,,,,20081212,49.115405,-122.848589
0,All Way Stop,1000963709,,,,0,In Service,,,Surrey,,,Final AB,,,,,,,20081212,49.148235,-122.778842
7,Speed Hump,1001075372,77,Asphalt,2007,0,In Service, ,2007,Surrey,77, ,Final AB,,,,,,,20081212,49.122946,-122.881939
7,Speed Hump,1001412212,,Asphalt,,,In Service,7810-0067-00,2012,Surrey,,,Final AB,,,,,,20120510,20120510,49.112332,-122.829502
8,Speed Table,1001075288,255,Asphalt,2008,0,In Service, ,2008,Surrey,255, ,Final AB,,,,,,,20081212,49.066666,-122.780039
7,Speed Hump,1001075333,3,Asphalt,2007,135,In Service, ,2007,Surrey,3,TC05-59,Final AB,,,,,,,20081212,49.036770,-122.808507
7,Speed Hump,1001075302,36,Asphalt,2005,0,In Service, ,2005,Surrey,36, ,Final AB,,,,,,,20081212,49.063725,-122.795576
0,All Way Stop,1000963745,,,,0,In Service,,,Surrey,,,Final AB,,,,,,,20081212,49.151825,-122.778841
0,All Way Stop,1000963736,,,,0,In Service,,,Surrey,,,Final AB,,,,,,,20081212,49.199914,-122.843774
7,Speed Hump,1001075271,78,Asphalt,2007,0,In Service, ,2007,Surrey,78, ,Final AB,,,,,,,20081212,49.122936,-122.880541
0,All Way Stop,1000963716,,,,0,In Service,,,Surrey,,,Final AB,,,,,,,20081212,49.045684,-122.713418
0,All Way Stop,1000963751,,,,0,In Service,,,Surrey,,,Final AB,,,,,,,20081212,49.169990,-122.851514
9,Traffic Circle,1001075340,244,Concrete,2004,0,In Service,7802-0370-00,2004,Surrey,244,Developer,Final AB,,,,,,,20081212,49.194174,-122.765516
7,Speed Hump,1001075352,153,Asphalt,,0,In Service, ,,Surrey,153, ,Final AB,,,,,,,20081212,49.155426,-122.754357
7,Speed Hump,1001075291,75,Asphalt,2007,0,In Service, ,2007,Surrey,75, ,Final AB,,,,,,,20081212,49.122987,-122.886201
0,All Way Stop,1000963729,,,,0,In Service,,,Surrey,,,Final AB,,,,,,,20081212,49.199282,-122.867614
4,Raised Intersection,1001075257,47,Asphalt,,0,In Service, ,,Surrey,47, ,Final AB,,,,,,,20081212,49.104566,-122.863007
0,All Way Stop,1000963749,,,,0,In Service,,,Surrey,,,Final AB,,,,,,,20081212,49.206195,-122.884455
7,Speed Hump,1001075301,140,Asphalt,2008,90,In Service, ,2008,Surrey,140,TC05-48,Final AB,,,,,,,20081212,49.147811,-122.778858
7,Speed Hump,1001075318,28,Asphalt,2005,135,In Service, ,2005,Surrey,28, ,Final AB,,,,,,,20081212,49.062814,-122.789023
0,All Way Stop,1000963731,,,,0,In Service,,,Surrey,,,Final AB,,,,,,,20081212,49.041968,-122.791924
8,Speed Table,1001075379,16,Asphalt,2005,0,In Service, ,2005,Surrey,16, ,Final AB,,,,,,,20081212,49.052890,-122.681982
7,Speed Hump,1001075382,157,Asphalt,,0,In Service, ,,Surrey,157, ,Final AB,,,,,,,20081212,49.156231,-122.752323
8,Speed Table,1001075246,235,Asphalt,,0,In Service, ,,Surrey,235, ,Final AB,,,,,,,20081212,49.202294,-122.759767
8,Speed Table,1001075220,59,Asphalt,2006,90,In Service, ,2006,Surrey,59, ,Final AB,,,,,,,20081212,49.114686,-122.879122
7,Speed Hump,1001142754,,Asphalt,2009,,In Service,7807-0072-00,2009,Surrey,,,Final AB,,,,,,20091207,20091207,49.112309,-122.868623
7,Speed Hump,1001143157,,Asphalt,2009,,In Service,7805-0365-00,2009,Surrey,,,Final AB,,,,,,20091209,20091209,49.031503,-122.848226
7,Speed Hump,1001143410,,Asphalt,2009,,In Service,7807-0054-00,2009,Surrey,,,Final AB,,,,,,20091214,20091214,49.129601,-122.689168
7,Speed Hump,1001143817,,Asphalt,2009,,In Service,7806-0019-00,,Surrey,,,Final AB,,,,,,20091215,20091215,49.106434,-122.731865
7,Speed Hump,1001143818,,Asphalt,2009,,In Service,7806-0019-00,,Surrey,,,Final AB,,,,,,20091215,20091215,49.106618,-122.730998
7,Speed Hump,1001144389,,Asphalt,,,In Service,,,Surrey,,,Final AB,,,,,,20091223,20091223,49.111099,-122.735683
10,Traffic Closure Gate,1001144723,,,2007,,In Service,MOTH 71101-2005,2007,Surrey,58A Ave & 175 St,,Final AB,,,,,,20100104,20100104,49.108706,-122.738239
7,Speed Hump,1001161460,,Asphalt,2010,,In Service,7809-0149-00,2010,Surrey,Lane SE of 84 Ave & 148B St,,Final AB,,,,,,20100525,20101203,49.155042,-122.810152
4,Raised Intersection,1001075313,249,Asphalt,,0,In Service, ,,Surrey,249, ,Final AB,,,,,,,20081212,49.202422,-122.778696
7,Speed Hump,1001075153,125,Asphalt,,0,In Service, ,,Surrey,125,OLD,Final AB,,,,,,,20081212,49.151302,-122.798535
8,Speed Table,1001075139,238,Asphalt,2008,90,In Service,1708-8040-00,2008,Surrey,238, ,Final AB,,,,,,,20081212,49.192851,-122.756491
7,Speed Hump,1001075268,98,Asphalt,2008,0,In Service,1708-8040-00,2008,Surrey,98, ,Final AB,,,,,,,20081212,49.105703,-122.808652
0,All Way Stop,1000963724,,,,0,In Service,,,Surrey,,,Final AB,,,,,,,20081212,49.031295,-122.867536
3,Raised Crosswalk,1001075249,144,Asphalt,,0,In Service, ,,Surrey,144, ,Final AB,,,,,,,20081212,49.151840,-122.773368
0,All Way Stop,1000963754,,,,0,In Service,,,Surrey,,,Final AB,,,,,,,20081212,49.206070,-122.795301
7,Speed Hump,1001075263,114,Asphalt,2007,90,In Service, ,2007,Surrey,114, ,Final AB,,,,,,,20081212,49.154316,-122.804200
4,Raised Intersection,1001075146,69,Asphalt,2006,0,In Service, ,2006,Surrey,69, ,Final AB,,,,,,,20081212,49.112618,-122.889048
0,All Way Stop,1000963717,,,,0,In Service,,,Surrey,,,Final AB,,,,,,,20081212,49.038357,-122.795695
0,All Way Stop,1000963746,,,,0,In Service,,,Surrey,,,Final AB,,,,,,,20081212,49.126494,-122.862200
7,Speed Hump,1001075258,218,Asphalt,,0,In Service, ,,Surrey,218, ,Final AB,,,,,,,20081212,49.200734,-122.795313
8,Speed Table,1001075159,93,Asphalt,2008,0,In Service,1708-8040-00,2008,Surrey,93, ,Final AB,,,,,,,20081212,49.108224,-122.809780
7,Speed Hump,1001075293,18,Asphalt,2005,90,In Service, ,2005,Surrey,18, ,Final AB,,,,,,,20081212,49.072742,-122.787365
7,Speed Hump,1001075324,56,Asphalt,2006,0,In Service, ,2006,Surrey,56, ,Final AB,,,,,,,20081212,49.117448,-122.880033
7,Speed Hump,1001075193,133,Asphalt,,0,In Service, ,,Surrey,133, ,Final AB,,,,,,,20081212,49.148274,-122.795530
0,All Way Stop,1000963756,,,,0,In Service,,,Surrey,,,Final AB,,,,,,,20081212,49.105980,-122.733686
7,Speed Hump,1001075141,214,Asphalt,,0,In Service, ,,Surrey,214, ,Final AB,,,,,,,20081212,49.200890,-122.857030
4,Raised Intersection,1001075205,45,Asphalt,,0,In Service, ,,Surrey,45, ,Final AB,,,,,,,20081212,49.104390,-122.874543
7,Speed Hump,1001075226,84,Asphalt,2007,0,In Service, ,2007,Surrey,84,TC05-94,Final AB,,,,,,,20081212,49.137369,-122.860751
3,Raised Crosswalk,1001075335,259,Asphalt,2008,0,In Service, ,2008,Surrey,259, ,Final AB,,,,,,,20081212,49.064398,-122.784362
7,Speed Hump,1001075344,126,Asphalt,,0,In Service, ,,Surrey,126, ,Final AB,,,,,,,20081212,49.150546,-122.798510
7,Speed Hump,1001075349,216,Asphalt,,0,In Service, ,,Surrey,216, ,Final AB,,,,,,,20081212,49.201913,-122.795309
8,Speed Table,1001075122,92,Asphalt,2008,0,In Service,1708-8040-00,2008,Surrey,92,TC05-28,Final AB,,,,,,,20081212,49.108226,-122.811383
7,Speed Hump,1001075345,199,Asphalt,,0,In Service, ,,Surrey,199, ,Final AB,,,,,,,20081212,49.200516,-122.867560
7,Speed Hump,1001075194,147,Asphalt,,0,In Service,1708-8040-00,,Surrey,147, ,Final AB,,,,,,,20081212,49.144537,-122.760732
0,All Way Stop,1000963752,,,,0,In Service,,,Surrey,,,Final AB,,,,,,,20081212,49.053079,-122.873063
7,Speed Hump,1001075266,119,Asphalt,2007,0,In Service, ,2007,Surrey,119, ,Final AB,,,,,,,20081212,49.159169,-122.796761
7,Speed Hump,1001075312,132,Asphalt,,0,In Service, ,,Surrey,132, ,Final AB,,,,,,,20081212,49.148689,-122.796420
7,Speed Hump,1001075137,7,Asphalt,2007,135,In Service, ,2007,Surrey,7, ,Final AB,,,,,,,20081212,49.033032,-122.810888
7,Speed Hump,1001075202,35,Asphalt,2005,0,In Service, ,2005,Surrey,35, ,Final AB,,,,,,,20081212,49.063732,-122.794139
8,Speed Table,1001075269,232,Asphalt,,0,In Service, ,,Surrey,232, ,Final AB,,,,,,,20081212,49.206131,-122.771115
8,Speed Table,1001075191,67,Asphalt,2006,0,In Service, ,2006,Surrey,67, ,Final AB,,,,,,,20081212,49.110447,-122.886764
7,Speed Hump,1001075154,250,Asphalt,2008,0,In Service,1708-8040-00,2008,Surrey,250, ,Final AB,,,,,,,20081212,49.202461,-122.771091
7,Speed Hump,1001075308,220,Asphalt,,0,In Service, ,,Surrey,220, ,Final AB,,,,,,,20081212,49.199466,-122.795319
7,Speed Hump,1001075338,107,Asphalt,2007,45,In Service, ,2007,Surrey,107, ,Final AB,,,,,,,20081212,49.152544,-122.809789
3,Raised Crosswalk,1001075315,182,Asphalt,,0,In Service, ,,Surrey,182, ,Final AB,,,,,,,20081212,49.179124,-122.901235
9,Traffic Circle,1001075336,110,Concrete,2007,0,In Service, ,2007,Surrey,110, ,Final AB,,,,,,,20081212,49.149498,-122.806139
7,Speed Hump,1001075187,131,Asphalt,,0,In Service, ,,Surrey,131, ,Final AB,,,,,,,20081212,49.149490,-122.796430
4,Raised Intersection,1001075281,48,Asphalt,,0,In Service, ,,Surrey,48, ,Final AB,,,,,,,20081212,49.104585,-122.856787
9,Traffic Circle,1001075192,252,Concrete,2008,0,In Service,7805-0159-00,2008,Surrey,252,Developer,Final AB,,,,,,,20081212,49.109586,-122.738113
7,Speed Hump,1001075282,174,Asphalt,,0,In Service, ,,Surrey,174, ,Final AB,,,,,,,20081212,49.168383,-122.873641
7,Speed Hump,1001075371,70,Asphalt,2006,135,In Service, ,2006,Surrey,70, ,Final AB,,,,,,,20081212,49.113506,-122.886977
0,All Way Stop,1000963719,,,,0,In Service,,,Surrey,,,Final AB,,,,,,,20081212,49.107789,-122.733693
7,Speed Hump,1001075310,113,Asphalt,2007,90,In Service, ,2007,Surrey,113, ,Final AB,,,,,,,20081212,49.153092,-122.804177
8,Speed Table,1001075321,57,Asphalt,2006,90,In Service, ,2006,Surrey,57, ,Final AB,,,,,,,20081212,49.117042,-122.879061
7,Speed Hump,1001075270,200,Asphalt,,0,In Service, ,,Surrey,200, ,Final AB,,,,,,,20081212,49.202788,-122.856942
0,All Way Stop,1000963743,,,,0,In Service,,,Surrey,,,Final AB,,,,,,,20081212,49.148170,-122.690714
8,Speed Table,1001075230,143,Asphalt,,0,In Service, ,,Surrey,143,82 (160-164),Final AB,,,,,,,20081212,49.151844,-122.775603
7,Speed Hump,1001075369,148,Asphalt,,0,In Service,1708-8040-00,,Surrey,148, ,Final AB,,,,,,,20081212,49.144530,-122.757496
4,Raised Intersection,1001075178,251,Asphalt,,0,In Service, ,,Surrey,251,FH 160,Final AB,,,,,,,20081212,49.200604,-122.778691
8,Speed Table,1001075219,231,Asphalt,,0,In Service, ,,Surrey,231, ,Final AB,,,,,,,20081212,49.206101,-122.774136
7,Speed Hump,1001075353,134,Asphalt,,0,In Service, ,,Surrey,134, ,Final AB,,,,,,,20081212,49.148271,-122.793857
7,Speed Hump,1001075339,247,Asphalt,,0,In Service, ,,Surrey,247, ,Final AB,,,,,,,20081212,49.202427,-122.781415
7,Speed Hump,1001075147,129,Asphalt,,0,In Service, ,,Surrey,129, ,Final AB,,,,,,,20081212,49.150116,-122.794521
0,All Way Stop,1000963715,,,,0,In Service,,,Surrey,,,Final AB,,,,,,,20081212,49.198851,-122.767494
7,Speed Hump,1001075347,225,Asphalt,,0,In Service, ,,Surrey,225,TC05-02,Final AB,,,,,,,20081212,49.199110,-122.792561
4,Raised Intersection,1001075236,62,Asphalt,2006,0,In Service, ,2006,Surrey,62, ,Final AB,,,,,,,20081212,49.111807,-122.879225
7,Speed Hump,1001075319,118,Asphalt,2007,0,In Service, ,2007,Surrey,118, ,Final AB,,,,,,,20081212,49.159182,-122.798969
8,Speed Table,1001075365,185,Asphalt,,0,In Service,7803-0374-00,,Surrey,185,Developer,Final AB,,,,,,,20081212,49.189820,-122.839083
7,Speed Hump,1001075138,88,Asphalt,,0,In Service, ,,Surrey,88,58 Ave,Final AB,,,,,,,20081212,49.108204,-122.819727
7,Speed Hump,1001174156,,Asphalt,2011,,In Service,7808-0094-00,2011,Surrey,,,Final AB,,,,,,20100928,20110628,49.125060,-122.695389
5,Roundabout,1001075388,,,,,In Service,null,2009,Surrey,76,,,,,,,,20081212,20110628,49.126266,-122.696217
7,Speed Hump,1001174158,,Asphalt,2011,,In Service,7808-0094-00,2011,Surrey,,,Final AB,,,,,,20100928,20110628,49.125107,-122.695840
5,Roundabout,1001075387,,Concrete,,,In Service,null,2009,Surrey,,,,,,,,,20081212,20110628,49.126145,-122.701692
7,Speed Hump,1001075144,83,Asphalt,2007,0,In Service, ,2007,Surrey,83, ,Final AB,,,,,,,20081212,49.122851,-122.868645
7,Speed Hump,1001075239,14,Asphalt,2005,0,In Service, ,2005,Surrey,14,TC05-49,Final AB,,,,,,,20081212,49.052885,-122.690222
0,All Way Stop,1000963739,,,,0,In Service,,,Surrey,,,Final AB,,,,,,,20081212,49.155474,-122.767786
7,Speed Hump,1001075174,108,Asphalt,2007,90,In Service, ,2007,Surrey,108, ,Final AB,,,,,,,20081212,49.151058,-122.808930
8,Speed Table,1001075320,233,Asphalt,,0,In Service, ,,Surrey,233, ,Final AB,,,,,,,20081212,49.206152,-122.767971
7,Speed Hump,1001075177,146,Asphalt,,0,In Service,1708-8040-00,,Surrey,146, ,Final AB,,,,,,,20081212,49.144543,-122.763776
7,Speed Hump,1001135261,,Asphalt,2009,,In Service,7804-0294-00,2009,Surrey,,,Final AB,,,,,,20091021,20091021,49.149574,-122.777939
3,Raised Crosswalk,1001075264,99,Asphalt,2008,0,In Service,1708-8040-00,2008,Surrey,99, ,Final AB,,,,,,,20081212,49.105745,-122.806953
0,All Way Stop,1000963712,,,,0,In Service,,,Surrey,,,Final AB,,,,,,,20081212,49.055215,-122.883807
7,Speed Hump,1001075355,74,Asphalt,2007,0,In Service, ,2007,Surrey,74,TC05-53,Final AB,,,,,,,20081212,49.122998,-122.888833
7,Speed Hump,1001075181,262,Asphalt,2008,135,In Service,1706-7020-00,2008,Surrey,262,Elgin Rd (nickomekl-crescent),Final AB,,,,,,,20081212,49.069801,-122.825001
7,Speed Hump,1001075322,115,Asphalt,2007,90,In Service, ,2007,Surrey,115, ,Final AB,,,,,,,20081212,49.155179,-122.804197
0,All Way Stop,1000963722,,,,0,In Service,,,Surrey,,,Final AB,,,,,,,20081212,49.162821,-122.690559
8,Speed Table,1001075132,258,Asphalt,2008,45,In Service, ,2008,Surrey,258, ,Final AB,,,,,,,20081212,49.062230,-122.779594
7,Speed Hump,1001075373,206,Asphalt,,0,In Service, ,,Surrey,206, ,Final AB,,,,,,,20081212,49.200899,-122.864113
7,Speed Hump,1001075150,154,Asphalt,,0,In Service, ,,Surrey,154, ,Final AB,,,,,,,20081212,49.155369,-122.752752
7,Speed Hump,1001075354,105,Asphalt,2007,90,In Service, ,2007,Surrey,105,TC05-60,Final AB,,,,,,,20081212,49.154696,-122.810932
7,Speed Hump,1001075378,9,Asphalt,2007,0,In Service, ,2007,Surrey,9, ,Final AB,,,,,,,20081212,49.032970,-122.806373
8,Speed Table,1001075213,240,Asphalt,2008,45,In Service,1708-8040-00,2008,Surrey,240, ,Final AB,,,,,,,20081212,49.194081,-122.751105
7,Speed Hump,1001075149,81,Asphalt,2007,0,In Service, ,2007,Surrey,81, ,Final AB,,,,,,,20081212,49.122883,-122.873305
3,Raised Crosswalk,1001075332,82,Asphalt,2007,0,In Service, ,2007,Surrey,82, ,Final AB,,,,,,,20081212,49.122872,-122.870961
7,Speed Hump,1001075309,43,Asphalt,,0,In Service, ,,Surrey,43, ,Final AB,,,,,,,20081212,49.102519,-122.874562
7,Speed Hump,1001075183,10,Asphalt,2008,90,In Service,1708-8040-00,2008,Surrey,10, ,Final AB,,,,,,,20081212,49.037936,-122.806723
8,Speed Table,1001075361,260,Asphalt,2008,0,In Service, ,2008,Surrey,260, ,Final AB,,,,,,,20081212,49.064374,-122.786073
7,Speed Hump,1001209106,,Asphalt,2011,,In Service,7807-0196-00,2011,Surrey,,,Final AB,,,,,,20110810,20120321,49.125822,-122.847995
7,Speed Hump,1001075377,41,Asphalt,,0,In Service, ,,Surrey,41, ,Final AB,,,,,,,20081212,49.100044,-122.873801
0,All Way Stop,1000963733,,,,0,In Service,,,Surrey,,,Final AB,,,,,,,20081212,49.045789,-122.878417
9,Traffic Circle,1001075209,53,Concrete,2006,0,In Service, ,2006,Surrey,53, ,Final AB,,,,,,,20081212,49.117220,-122.885625
7,Speed Hump,1001075142,25,Asphalt,2005,90,In Service, ,2005,Surrey,25, ,Final AB,,,,,,,20081212,49.065755,-122.788737
0,All Way Stop,1000963713,,,,0,In Service,,,Surrey,,,Final AB,,,,,,,20081212,49.194467,-122.848197
7,Speed Hump,1001075172,159,Asphalt,,0,In Service, ,,Surrey,159,TC05-18,Final AB,,,,,,,20081212,49.167437,-122.773214
7,Speed Hump,1001075216,223,Asphalt,,0,In Service, ,,Surrey,223, ,Final AB,,,,,,,20081212,49.198823,-122.792851
8,Speed Table,1001075300,65,Asphalt,2007,0,In Service, ,2007,Surrey,65, ,Final AB,,,,,,,20081212,49.110436,-122.884599
8,Speed Table,1001075295,257,Asphalt,2008,45,In Service, ,2008,Surrey,257, ,Final AB,,,,,,,20081212,49.063520,-122.781450
7,Speed Hump,1001075211,1,Asphalt,2000,45,In Service, ,2000,Surrey,1,Tulloch,Final AB,,,,,,,20081212,49.053294,-122.873550
4,Raised Intersection,1001075225,46,Asphalt,,0,In Service, ,,Surrey,46, ,Final AB,,,,,,,20081212,49.104481,-122.867844
7,Speed Hump,1001075170,191,Asphalt,,0,In Service, ,,Surrey,191, ,Final AB,,,,,,,20081212,49.205153,-122.856400
0,All Way Stop,1000963734,,,,0,In Service,,,Surrey,,,Final AB,,,,,,,20081212,49.060225,-122.823295
2,Diverter,1001075182,224,Concrete,,0,In Service, ,,Surrey,224, ,Final AB,,,,,,,20081212,49.198808,-122.794374
7,Speed Hump,1001075306,112,Asphalt,2007,90,In Service, ,2007,Surrey,112, ,Final AB,,,,,,,20081212,49.152130,-122.804168
8,Speed Table,1001075128,241,Asphalt,2008,90,In Service, ,2008,Surrey,241, ,Final AB,,,,,,,20081212,49.192136,-122.750113
7,Speed Hump,1001075386,76,Asphalt,2007,0,In Service, ,2007,Surrey,76, ,Final AB,,,,,,,20081212,49.122967,-122.884146
0,All Way Stop,1000963742,,,,0,In Service,,,Surrey,,,Final AB,,,,,,,20081212,49.148215,-122.767670
7,Speed Hump,1001075329,8,Asphalt,2007,45,In Service, ,2007,Surrey,8, ,Final AB,,,,,,,20081212,49.033810,-122.808422
7,Speed Hump,1001075197,156,Asphalt,,0,In Service, ,,Surrey,156, ,Final AB,,,,,,,20081212,49.156234,-122.753489
8,Speed Table,1001075328,52,Asphalt,2006,90,In Service, ,2006,Surrey,52, ,Final AB,,,,,,,20081212,49.118337,-122.887445
8,Speed Table,1001075201,63,Asphalt,2007,0,In Service, ,2007,Surrey,63, ,Final AB,,,,,,,20081212,49.111251,-122.881076
7,Speed Hump,1001075316,198,Asphalt,,0,In Service, ,,Surrey,198, ,Final AB,,,,,,,20081212,49.199725,-122.867617
7,Speed Hump,1001075247,40,Asphalt,,0,In Service, ,,Surrey,40,TC05-43,Final AB,,,,,,,20081212,49.098658,-122.873010
7,Speed Hump,1001075341,227,Asphalt,,0,In Service, ,,Surrey,227, ,Final AB,,,,,,,20081212,49.201701,-122.792550
7,Speed Hump,1001075317,26,Asphalt,2005,90,In Service, ,2005,Surrey,26, ,Final AB,,,,,,,20081212,49.064352,-122.788729
7,Speed Hump,1001075299,207,Asphalt,,0,In Service, ,,Surrey,207, ,Final AB,,,,,,,20081212,49.199371,-122.864804
8,Speed Table,1001075200,166,Asphalt,2008,0,In Service,1708-8040-00,2008,Surrey,166, ,Final AB,,,,,,,20081212,49.125962,-122.720908
7,Speed Hump,1001075244,161,Asphalt,,0,In Service, ,,Surrey,161, ,Final AB,,,,,,,20081212,49.169119,-122.773220
4,Raised Intersection,1001075363,102,Asphalt,2008,0,In Service,7802-0283-00,2008,Surrey,102,Developer,Final AB,,,,,,,20081212,49.115569,-122.807710
8,Speed Table,1001075253,228,Asphalt,2008,0,In Service,1708-8040-00,2008,Surrey,228,FH (112),Final AB,,,,,,,20081212,49.206105,-122.790445
5,Roundabout,1000963707,,Asphalt,2008,,In Service,1703-3180-00,2008,Surrey,14 Ave & King George Blvd.,,Final AB,,,,,,20120503,20120503,49.027652,-122.771320
7,Speed Hump,1001561169,,Asphalt,,,In Service,,,Surrey,,Digitized Via 2012 Air Photo,,,,,,,20121207,20121207,49.209171,-122.839722
7,Speed Hump,1001561170,,Asphalt,,,In Service,,,Surrey,,Digitized Via 2012 Air Photo,,,,,,,20121207,20121207,49.208183,-122.839737
7,Speed Hump,1001561179,,Asphalt,,,In Service,,,Surrey,,Digitized Via 2012 Air Photo,,,,,,,20121207,20121207,49.180479,-122.807577
7,Speed Hump,1001561180,,Asphalt,,,In Service,,,Surrey,,Digitized Via 2012 Air Photo,,,,,,,20121207,20121207,49.180476,-122.805663
7,Speed Hump,1001215656,,Asphalt,2009,,In Service,1707-3030-00,2009,Surrey,,,Final AB,,,,,,20111013,20131211,49.177623,-122.877996
7,Speed Hump,1001215700,,Asphalt,2009,,In Service,1707-3030-00,2009,Surrey,,,Final AB,,,,,,20111013,20131211,49.177624,-122.869391
7,Speed Hump,1001215657,,Asphalt,2009,,In Service,1707-3030-00,2009,Surrey,,,Final AB,,,,,,20111013,20131211,49.177624,-122.877011
7,Speed Hump,1001215676,,Asphalt,2009,,In Service,1707-3030-00,2009,Surrey,,,Final AB,,,,,,20111013,20131211,49.177624,-122.872203
7,Speed Hump,1001215699,,Asphalt,2009,,In Service,1707-3030-00,2009,Surrey,,,Final AB,,,,,,20111013,20131211,49.177624,-122.868394
7,Speed Hump,1001215726,,Asphalt,2009,,In Service,1707-3030-00,2009,Surrey,,,Final AB,,,,,,20111013,20131211,49.176719,-122.878782
7,Speed Hump,1001215675,,Asphalt,2009,,In Service,1707-3030-00,2009,Surrey,,,Final AB,,,,,,20111013,20131211,49.177623,-122.873057
7,Speed Hump,1001215660,,Asphalt,2009,,In Service,1707-3030-00,2009,Surrey,,,Final AB,,,,,,20111013,20131211,49.177625,-122.874511
7,Speed Hump,1001215677,,Asphalt,2009,,In Service,1707-3030-00,2009,Surrey,,,Final AB,,,,,,20111013,20131211,49.177624,-122.871171
7,Speed Hump,1001215659,,Asphalt,2009,,In Service,1707-3030-00,2009,Surrey,,,Final AB,,,,,,20111013,20131211,49.177625,-122.875170
7,Speed Hump,1001215658,,Asphalt,2009,,In Service,1707-3030-00,2009,Surrey,,,Final AB,,,,,,20111013,20131211,49.177624,-122.876053
7,Speed Hump,1001215671,,Asphalt,2009,,In Service,1707-3030-00,2009,Surrey,,,Final AB,,,,,,20111013,20131211,49.177625,-122.873937
7,Speed Hump,1001215725,,Asphalt,2009,,In Service,1707-3030-00,2009,Surrey,,,Final AB,,,,,,20111013,20131211,49.176718,-122.877806
7,Speed Hump,1001215724,,Asphalt,2009,,In Service,1707-3030-00,2009,Surrey,,,Final AB,,,,,,20111013,20131211,49.176717,-122.876843
7,Speed Hump,1001215701,,Asphalt,2009,,In Service,1707-3030-00,2009,Surrey,,,Final AB,,,,,,20111013,20131211,49.177624,-122.870287
9,Traffic Circle,1001721932,,Asphalt,,,Proposed,7812-0125-00,2013,Surrey,,,EC,,,,,,20131220,20131220,49.102384,-122.817816
7,Speed Hump,1001756825,,Asphalt,,,Proposed,7812-0351-00,2014,Surrey,,,EC,,,,,,20140721,20140721,49.162243,-122.767283
7,Speed Hump,1001566016,,Asphalt,,,In Service,7811-0126-00,2014,Surrey,,,Initial AB,,,,,,20140930,20140930,49.134833,-122.680171
7,Speed Hump,1001566017,,Asphalt,,,In Service,7811-0126-00,2014,Surrey,,,Initial AB,,,,,,20140930,20140930,49.135238,-122.680167
7,Speed Hump,1001566015,,Asphalt,,,In Service,7811-0126-00,2014,Surrey,,,Initial AB,,,,,,20140930,20140930,49.134037,-122.680120
3,Raised Crosswalk,1001796624,,Asphalt,,,Proposed,3809-4020-00,,Surrey,,,EC,,,,,,20141107,20141107,49.118780,-122.854017
3,Raised Crosswalk,1001797022,,Asphalt,,,Proposed,3814-4090-00,,Surrey,,,EC,,,,,,20141114,20141114,49.129189,-122.879011
7,Speed Hump,1001741008,,Asphalt,,,In Service,7812-0244-00,2014,Surrey,,,Initial AB,,,,,,20140411,20150119,49.047078,-122.765468
7,Speed Hump,1001740999,,Asphalt,,,In Service,7812-0244-00,2014,Surrey,,,Initial AB,,,,,,20140411,20150119,49.047201,-122.767524
7,Speed Hump,1001741001,,Asphalt,,,In Service,7812-0244-00,2014,Surrey,,,Initial AB,,,,,,20140411,20150119,49.047072,-122.766199
3,Raised Crosswalk,1001210028,,Asphalt,,,In Service,7810-0020-00,2012,Surrey,,,Final AB,,,,,,20120627,20120627,49.053817,-122.778542
4,Raised Intersection,1001211189,,Asphalt,2007,,In Service,3811-6270-00,2012,Surrey,,3805-5500-01,Final AB,,,,,,20120925,20140131,49.155486,-122.759409
7,Speed Hump,1001559297,,Asphalt,,,In Service,FT00375,,Surrey,,,Final AB,,,,,,20121109,20140131,49.044847,-122.878420
9,Traffic Circle,1001075337,20,Asphalt,2005,0,In Service, ,2005,Surrey,20, ,Final AB,,,,,,,20130104,49.071036,-122.787465
7,Speed Hump,1001411896,,Asphalt,2012,,In Service,7510-0257-00,2012,Surrey,,,Final AB,,,,,,20120507,20130227,49.022044,-122.765484
9,Traffic Circle,1001605553,,Asphalt,,,Proposed,7812-0201-00,2013,Surrey,,,EC,,,,,,20130708,20130708,49.055159,-122.801859
7,Speed Hump,1001422894,,Asphalt,,,In Service,7811-0309-00,2013,Surrey,,,Final AB,,,,,,20130910,20130910,49.026458,-122.851550
4,Raised Intersection,1001717208,,Asphalt,,,In Service,7810-0314-00,2013,Surrey,,,Final AB,,,,,,20131029,20131029,49.122141,-122.690905
7,Speed Hump,1001758090,,Asphalt,,,Proposed,7811-0269-00,2014,Surrey,,,EC,,,,,,20140729,20140729,49.055312,-122.784036
7,Speed Hump,1001758091,,Asphalt,,,Proposed,7811-0269-00,2014,Surrey,,,EC,,,,,,20140729,20140729,49.055328,-122.783409
7,Speed Hump,1001758092,,Asphalt,,,Proposed,7811-0269-00,2014,Surrey,,,EC,,,,,,20140729,20140729,49.055327,-122.782669
7,Speed Hump,1001746649,,Asphalt,,,In Service,7804-0091-00,2009,Surrey,,,Initial AB,,,,,,20140506,20140515,49.109696,-122.864091
8,Speed Table,1001746651,,Asphalt,,,In Service,7804-0091-00,2009,Surrey,,,Initial AB,,,,,,20140506,20140515,49.109707,-122.862640
7,Speed Hump,1001748897,,Asphalt,,,Proposed,7812-0209-00,,Surrey,,,EC,,,,,,20140515,20140515,49.191963,-122.766834
7,Speed Hump,1001746650,,Asphalt,,,In Service,7804-0091-00,2009,Surrey,,,Initial AB,,,,,,20140506,20140515,49.109701,-122.863458
7,Speed Hump,1001758093,,Asphalt,,,Proposed,7811-0269-00,2014,Surrey,,,EC,,,,,,20140729,20140729,49.054574,-122.784190
7,Speed Hump,1001758094,,Asphalt,,,Proposed,7811-0269-00,2014,Surrey,,,EC,,,,,,20140729,20140729,49.054489,-122.783413
7,Speed Hump,1001758095,,Asphalt,,,Proposed,7811-0269-00,2014,Surrey,,,EC,,,,,,20140729,20140729,49.054397,-122.782675
7,Speed Hump,1001758101,,Asphalt,,,Proposed,7811-0269-00,2014,Surrey,,,EC,,,,,,20140729,20140729,49.053276,-122.782707
7,Speed Hump,1001758102,,Asphalt,,,Proposed,7811-0269-00,2014,Surrey,,,EC,,,,,,20140729,20140729,49.053278,-122.783660
7,Speed Hump,1001758103,,Asphalt,,,Proposed,7811-0269-00,2014,Surrey,,,EC,,,,,,20140729,20140729,49.053279,-122.784285
3,Raised Crosswalk,1001075255,138,Asphalt,2008,0,In Service,1707-8010-00,2008,Surrey,138, ,Initial AB,,,,,,20150223,20150223,49.148230,-122.784280
3,Raised Crosswalk,1001075260,139,Asphalt,2008,360,In Service,1708-8040-00,2008,Surrey,139, ,Final AB,,,,,,,20150223,49.149963,-122.790098
3,Raised Crosswalk,1001075274,137,Asphalt,2008,0,In Service,1707-8010-00,2008,Surrey,137, ,Initial AB,,,,,,20150223,20150223,49.148231,-122.781955
7,Speed Hump,1001075280,24,Asphalt,2005,90,In Service, ,2005,Surrey,24, ,Final AB,,,,,,,20081212,49.066862,-122.788732
7,Speed Hump,1001075240,32,Asphalt,2005,0,In Service, ,2005,Surrey,32,TC05-50,Final AB,,,,,,,20081212,49.063726,-122.791018
7,Speed Hump,1001075287,145,Asphalt,,0,In Service,1708-8040-00,,Surrey,145,TC05-55,Final AB,,,,,,,20081212,49.144549,-122.766778
8,Speed Table,1001075151,95,Asphalt,2008,45,In Service,1708-8040-00,2008,Surrey,95, ,Final AB,,,,,,,20081212,49.106885,-122.805497
8,Speed Table,1001075165,39,Asphalt,2007,0,In Service, ,2007,Surrey,39, ,Final AB,,,,,,,20081212,49.100513,-122.705926
8,Speed Table,1001075176,15,Asphalt,2005,0,In Service, ,2005,Surrey,15, ,Final AB,,,,,,,20081212,49.052891,-122.689017
7,Speed Hump,1001075311,190,Asphalt,,0,In Service, ,,Surrey,190, ,Final AB,,,,,,,20081212,49.206226,-122.857976
8,Speed Table,1001075334,50,Asphalt,2006,0,In Service,3804-550,2006,Surrey,50,TC05-42,Final AB,,,,,,,20081212,49.115585,-122.888452
9,Traffic Circle,1001075359,85,Concrete,,0,In Service, ,,Surrey,85,TC05-36,Final AB,,,,,,,20081212,49.115394,-122.853837
7,Speed Hump,1001075131,12,Asphalt,2008,45,In Service,1708-8040-00,2008,Surrey,12, ,Final AB,,,,,,,20081212,49.036557,-122.804882
7,Speed Hump,1001075130,217,Asphalt,,0,In Service, ,,Surrey,217, ,Final AB,,,,,,,20081212,49.201283,-122.795311
3,Raised Crosswalk,1001075135,167,Asphalt,2006,0,In Service,1708-8040-00,2006,Surrey,167, ,Final AB,,,,,,,20081212,49.125937,-122.718139
8,Speed Table,1001075265,38,Asphalt,2007,0,In Service, ,2007,Surrey,38, ,Final AB,,,,,,,20081212,49.100500,-122.708077
7,Speed Hump,1001075384,79,Asphalt,2007,0,In Service, ,2007,Surrey,79, ,Final AB,,,,,,,20081212,49.122915,-122.877745
7,Speed Hump,1001075208,103,Asphalt,2008,45,In Service,1708-8040-00,2008,Surrey,103,TC07-04,Final AB,,,,,,,20081212,49.111571,-122.799709
4,Raised Intersection,1001075156,165,Asphalt,2008,0,In Service,1708-8040-00,2008,Surrey,165,2006,Final AB,,,,,,,20081212,49.125978,-122.723758
8,Speed Table,1001075157,123,Asphalt,,0,In Service, ,,Surrey,123,TC05-23,Final AB,,,,,,,20081212,49.164086,-122.799676
0,All Way Stop,1000963753,,,,0,In Service,,,Surrey,,,Final AB,,,,,,,20081212,49.162835,-122.698884
7,Speed Hump,1001075126,189,Asphalt,2006,0,In Service, ,2006,Surrey,189,TC05-58,Final AB,,,,,,,20081212,49.206230,-122.861518
8,Speed Table,1001075136,229,Asphalt,2008,0,In Service,1708-8040-00,2008,Surrey,229, ,Final AB,,,,,,,20081212,49.206059,-122.780437
7,Speed Hump,1001075221,6,Asphalt,2007,135,In Service, ,2007,Surrey,6, ,Final AB,,,,,,,20081212,49.033821,-122.809448
7,Speed Hump,1001075276,222,Asphalt,,0,In Service, ,,Surrey,222, ,Final AB,,,,,,,20081212,49.198816,-122.794031
7,Speed Hump,1001075292,208,Asphalt,,0,In Service, ,,Surrey,208, ,Final AB,,,,,,,20081212,49.201870,-122.863369
7,Speed Hump,1001075125,184,Asphalt,,0,In Service, ,,Surrey,184, ,Final AB,,,,,,,20081212,49.177774,-122.901197
0,All Way Stop,1000963740,,,,0,In Service,,,Surrey,,,Final AB,,,,,,,20081212,49.133682,-122.690788
8,Speed Table,1001075376,163,Asphalt,2008,0,In Service,1708-8040-00,2008,Surrey,163, ,Final AB,,,,,,,20081212,49.125720,-122.728721
8,Speed Table,1001075241,64,Asphalt,2006,0,In Service, ,2006,Surrey,64, ,Final AB,,,,,,,20081212,49.110497,-122.882407
9,Traffic Circle,1001075251,17,Concrete,2005,0,In Service, ,2005,Surrey,17,TC05-46,Final AB,,,,,,,20090306,49.073666,-122.787602
7,Speed Hump,1001075343,246,Asphalt,,0,In Service, ,,Surrey,246, ,Final AB,,,,,,,20081212,49.202439,-122.783377
9,Traffic Circle,1001224161,,Concrete,2011,,In Service,1706-7030-00,2011,Surrey,,,Final AB,,,,,,20111216,20111216,49.068121,-122.825128
7,Speed Hump,1001556651,,Asphalt,,,In Service,7808-0099-00,2013,Surrey,,,Final AB,,,,,,20130315,20130315,49.110424,-122.860550
7,Speed Hump,1001200315,,Asphalt,2012,,In Service,7809-0133-00,2012,Surrey,,,Final AB,,,,,,20120808,20120823,49.140827,-122.878371
7,Speed Hump,1001423131,,Asphalt,,,In Service,7806-0042-00,2012,Surrey,,,Final AB,,,,,,20120827,20120827,49.119486,-122.834803
7,Speed Hump,1001707159,,Asphalt,,,In Service,7804-0105-00,2013,Surrey,,,Final AB,,,,,,20130912,20130912,49.191078,-122.755486
7,Speed Hump,1001412022,,Asphalt,,,In Service,7810-0257-00,2012,Surrey,,,Final AB,,,,,,20120508,20130130,49.020548,-122.763501
7,Speed Hump,1001565788,,Asphalt,,,In Service,7811-0046-00,2012,Surrey,,,Final AB,,,,,,20130130,20130130,49.108207,-122.821668
7,Speed Hump,1001406632,,Asphalt,,,In Service,7811-0046-00,2012,Surrey,,,Final AB,,,,,,20130131,20130131,49.107854,-122.822430
7,Speed Hump,1001790770,,Asphalt,,,Proposed,7812-0151-00,2014,Surrey,,,EC,,,,,,20141017,20141017,49.113236,-122.829938
7,Speed Hump,1001790771,,Asphalt,,,Proposed,7812-0151-00,2014,Surrey,,,Initial AB,,,,,,20141017,20141017,49.113235,-122.830673
7,Speed Hump,1001556652,,Asphalt,,,In Service,7808-0099-00,2013,Surrey,,,Final AB,,,,,,20130315,20130315,49.110430,-122.861678
7,Speed Hump,1001556653,,Asphalt,,,In Service,7808-0099-00,2013,Surrey,,,Final AB,,,,,,20130315,20130315,49.110451,-122.862436
7,Speed Hump,1001591834,,Asphalt,,,In Service,7810-0003-00,2013,Surrey,,,Final AB,,,,,,20130410,,49.003599,-122.750991
7,Speed Hump,1001591835,,Asphalt,,,In Service,7810-0003-00,2013,Surrey,,,Final AB,,,,,,20130410,,49.003210,-122.750990
9,Traffic Circle,1001203960,,Asphalt,,,In Service,7809-0236-00,2013,Surrey,,,Initial AB,,,,,,20130815,20130815,49.060211,-122.814772
7,Speed Hump,1001204588,,Asphalt,,,In Service,7809-0236-00,2013,Surrey,,,Initial AB,,,,,,20130815,20130815,49.060558,-122.814224
3,Raised Crosswalk,1001568373,,Asphalt,,,In Service,7808-0099-01,2014,Surrey,,,Final AB,,,,,,20140224,20140224,49.111488,-122.860250
7,Speed Hump,1001568372,,Asphalt,,,In Service,7808-0099-01,2014,Surrey,,,Final AB,,,,,,20140224,20140224,49.110622,-122.859670
7,Speed Hump,1001568371,,Asphalt,,,In Service,7808-0099-01,2014,Surrey,,,Final AB,,,,,,20140224,20140224,49.111253,-122.859670
7,Speed Hump,1001433790,,Asphalt,,,In Service,7812-0016-00,2013,Surrey,,,Initial AB,,,,,,20120917,20140717,49.115935,-122.817747
7,Speed Hump,1001418955,,Asphalt,,,Proposed,7810-0157-00,,Surrey,,,EC,,,,,,20120724,20120724,49.110310,-122.858574
7,Speed Hump,1001418954,,Asphalt,,,Proposed,7810-0157-00,,Surrey,,,EC,,,,,,20120724,20120724,49.110958,-122.858575
7,Speed Hump,1001418956,,Asphalt,,,Proposed,7810-0157-00,,Surrey,,,EC,,,,,,20120724,20120724,49.111606,-122.858576
7,Speed Hump,1001559191,,Asphalt,,,In Service,FT00347,,Surrey,,,Final AB,,,,,,20121109,20121109,49.124099,-122.718062
7,Speed Hump,1001559192,,Asphalt,,,In Service,FT00347,,Surrey,,,Final AB,,,,,,20121109,20121109,49.124090,-122.716347
7,Speed Hump,1001559193,,Asphalt,,,In Service,FT00348,,Surrey,,,Final AB,,,,,,20121109,20121109,49.107762,-122.711338
7,Speed Hump,1001559194,,Asphalt,,,In Service,FT00348,,Surrey,,,Final AB,,,,,,20121109,20121109,49.107757,-122.708920
7,Speed Hump,1001559195,,Asphalt,,,In Service,FT00349,,Surrey,,,Initial AB,,,,,,20121109,20121109,49.107751,-122.706756
7,Speed Hump,1001559196,,Asphalt,,,In Service,FT00349,,Surrey,,,Initial AB,,,,,,20121109,20121109,49.107747,-122.705023
7,Speed Hump,1001559197,,Asphalt,,,In Service,FT00349,,Surrey,,,Initial AB,,,,,,20121109,20121109,49.107742,-122.703156
7,Speed Hump,1001559199,,Asphalt,,,In Service,FT00350,,Surrey,,,Final AB,,,,,,20121109,20121109,49.197266,-122.779305
7,Speed Hump,1001559200,,Asphalt,,,In Service,FT00351,,Surrey,,,Final AB,,,,,,20121109,20121109,49.211259,-122.831022
7,Speed Hump,1001559201,,Asphalt,,,In Service,FT00351,,Surrey,,,Final AB,,,,,,20121109,20121109,49.211331,-122.830348
7,Speed Hump,1001559202,,Asphalt,,,In Service,FT00352,,Surrey,,,Final AB,,,,,,20121109,20121109,49.140772,-122.822717
7,Speed Hump,1001559198,,Asphalt,,,In Service,FT00350,,Surrey,,,Final AB,,,,,,20121109,20121109,49.197622,-122.779311
7,Speed Hump,1001559204,,Asphalt,,,In Service,FT00352,,Surrey,,,Final AB,,,,,,20121109,20121109,49.139392,-122.822678
7,Speed Hump,1001559205,,Asphalt,,,In Service,FT00352,,Surrey,,,Final AB,,,,,,20121109,20121109,49.138504,-122.822627
7,Speed Hump,1001559206,,Asphalt,,,In Service,FT00352,,Surrey,,,Final AB,,,,,,20121109,20121109,49.137757,-122.822694
7,Speed Hump,1001559207,,Asphalt,,,In Service,FT00354,,Surrey,,,Final AB,,,,,,20121109,20121109,49.178086,-122.857488
7,Speed Hump,1001559208,,Asphalt,,,In Service,FT00354,,Surrey,,,Final AB,,,,,,20121109,20121109,49.178762,-122.857460
7,Speed Hump,1001559209,,Asphalt,,,In Service,FT00353,,Surrey,,,Final AB,,,,,,20121109,20121109,49.180505,-122.857390
7,Speed Hump,1001559210,,Asphalt,,,In Service,FT00353,,Surrey,,,Final AB,,,,,,20121109,20121109,49.179653,-122.857424
7,Speed Hump,1001559211,,Asphalt,,,In Service,FT00355,,Surrey,,,Initial AB,,,,,,20121109,20121109,49.047318,-122.841324
7,Speed Hump,1001559212,,Asphalt,,,In Service,FT00355,,Surrey,,,Initial AB,,,,,,20121109,20121109,49.048495,-122.841805
7,Speed Hump,1001559213,,Asphalt,,,In Service,FT00355,,Surrey,,,Initial AB,,,,,,20121109,20121109,49.049602,-122.842788
7,Speed Hump,1001559214,,Asphalt,,,In Service,FT00356,,Surrey,,,Initial AB,,,,,,20121109,20121109,49.195368,-122.857376
7,Speed Hump,1001559215,,Asphalt,,,In Service,FT00356,,Surrey,,,Initial AB,,,,,,20121109,20121109,49.195348,-122.859466
7,Speed Hump,1001559224,,Asphalt,,,In Service,FT00361,,Surrey,,,Final AB,,,,,,20121109,20121109,49.032527,-122.828216
7,Speed Hump,1001559216,,Asphalt,,,In Service,FT00357,,Surrey,,,Initial AB,,,,,,20121109,20121109,49.180643,-122.798571
7,Speed Hump,1001559217,,Asphalt,,,In Service,FT00357,,Surrey,,,Initial AB,,,,,,20121109,20121109,49.180243,-122.799487
7,Speed Hump,1001559218,,Asphalt,,,In Service,FT00358,,Surrey,,,Initial AB,,,,,,20121109,20121109,49.111420,-122.798984
0,All Way Stop,1000963735,,,,0,In Service,,,Surrey,,,Final AB,,,,,,,20081212,49.111788,-122.812230
7,Speed Hump,1001075248,197,Asphalt,,0,In Service, ,,Surrey,197, ,Final AB,,,,,,,20081212,49.204697,-122.865915
8,Speed Table,1001075277,37,Asphalt,2007,0,In Service, ,2007,Surrey,37,TC05-51,Final AB,,,,,,,20081212,49.100489,-122.710830
7,Speed Hump,1001075243,209,Asphalt,,0,In Service, ,,Surrey,209, ,Final AB,,,,,,,20081212,49.201544,-122.861997
8,Speed Table,1001075163,253,Asphalt,2008,90,In Service, ,2008,Surrey,253,TC07-22,Final AB,,,,,,,20081212,49.070352,-122.779133
0,All Way Stop,1000963747,,,,0,In Service,,,Surrey,,,Final AB,,,,,,,20081212,49.182559,-122.880502
7,Speed Hump,1001075210,104,Asphalt,2008,0,In Service,1708-8040-00,2008,Surrey,104, ,Final AB,,,,,,,20081212,49.111209,-122.798300
7,Speed Hump,1001737366,,Asphalt,,,In Service,,,Surrey,,Digitized Via 2013 Air Photo,,,,,,,20140326,,49.105244,-122.811707
7,Speed Hump,1001075223,13,Asphalt,2008,45,In Service,1708-8040-00,2008,Surrey,13, ,Final AB,,,,,,,20081212,49.035746,-122.804023
7,Speed Hump,1001075215,213,Asphalt,,0,In Service, ,,Surrey,213, ,Final AB,,,,,,,20081212,49.200893,-122.858911
7,Speed Hump,1001075323,248,Asphalt,,0,In Service, ,,Surrey,248, ,Final AB,,,,,,,20081212,49.202414,-122.779712
7,Speed Hump,1001737368,,Asphalt,,,In Service,,,Surrey,,Digitized Via 2013 Air Photo,,,,,,,20140326,,49.104974,-122.808130
7,Speed Hump,1001737363,,Asphalt,,,In Service,,,Surrey,,Digitized Via 2013 Air Photo,,,,,,,20140326,,49.107669,-122.811656
7,Speed Hump,1001201870,,Asphalt,,,In Service,,,Surrey,,,,,,,,,20110621,20110621,49.039546,-122.817782
7,Speed Hump,1001075346,55,Asphalt,2006,0,In Service, ,2006,Surrey,55, ,Final AB,,,,,,,20081212,49.117450,-122.881582
7,Speed Hump,1001075242,127,Asphalt,,0,In Service, ,,Surrey,127, ,Final AB,,,,,,,20081212,49.150139,-122.797511
7,Speed Hump,1001075358,29,Asphalt,2005,135,In Service, ,2005,Surrey,29, ,Final AB,,,,,,,20081212,49.062410,-122.789572
7,Speed Hump,1001737364,,Asphalt,,,In Service,,,Surrey,,Digitized Via 2013 Air Photo,,,,,,,20140326,,49.106950,-122.811662
7,Speed Hump,1001075267,219,Asphalt,,0,In Service, ,,Surrey,219, ,Final AB,,,,,,,20081212,49.200105,-122.795316
4,Raised Intersection,1001075228,27,Asphalt,2005,0,In Service, ,2005,Surrey,27, ,Final AB,,,,,,,20081212,49.063722,-122.788718
7,Speed Hump,1001075167,2,Asphalt,2006,90,In Service,7803-0368-00,2006,Surrey,2,Developer,Final AB,,,,,,,20081212,49.030752,-122.866452
7,Speed Hump,1001737365,,Asphalt,,,In Service,,,Surrey,,Digitized Via 2013 Air Photo,,,,,,,20140326,,49.104748,-122.810919
0,All Way Stop,1000963720,,,,0,In Service,,,Surrey,,,Final AB,,,,,,,20081212,49.105980,-122.734976
7,Speed Hump,1001075234,4,Asphalt,2007,90,In Service, ,2007,Surrey,4, ,Final AB,,,,,,,20081212,49.035368,-122.809347
8,Speed Table,1001075364,94,Asphalt,2008,45,In Service,1708-8040-00,2008,Surrey,94, ,Final AB,,,,,,,20140326,49.107955,-122.807347
7,Speed Hump,1001075124,106,Asphalt,2007,45,In Service, ,2007,Surrey,106, ,Final AB,,,,,,,20081212,49.153643,-122.810525
8,Speed Table,1001075185,162,Asphalt,2008,45,In Service,7802-0358-00,2008,Surrey,162,TC07-29,Final AB,,,,,,,20081212,49.126570,-122.730773
7,Speed Hump,1001075342,71,Asphalt,2006,90,In Service, ,2006,Surrey,71, ,Final AB,,,,,,,20081212,49.114711,-122.886028
7,Speed Hump,1001075314,31,Asphalt,2005,90,In Service, ,2005,Surrey,31, ,Final AB,,,,,,,20081212,49.060990,-122.790194
7,Speed Hump,1001075162,120,Asphalt,2007,0,In Service, ,2007,Surrey,120, ,Final AB,,,,,,,20081212,49.159167,-122.795389
7,Speed Hump,1001075173,97,Asphalt,2008,45,In Service,1708-8040-00,2008,Surrey,97, ,Final AB,,,,,,,20140326,49.106227,-122.809771
7,Speed Hump,1001075166,130,Asphalt,,0,In Service, ,,Surrey,130, ,Final AB,,,,,,,20081212,49.151113,-122.793407
7,Speed Hump,1001075325,96,Asphalt,2008,0,In Service,1708-8040-00,2008,Surrey,96, ,Final AB,,,,,,,20140326,49.106444,-122.811543
7,Speed Hump,1001075179,263,Asphalt,2011,135,In Service,1706-7030-00,2011,Surrey,263, ,Final AB,,,,,,,20111216,49.068979,-122.825344
7,Speed Hump,1001075127,264,Asphalt,2011,45,In Service,1706-7030-00,2011,Surrey,264, ,Final AB,,,,,,,20111216,49.068659,-122.825388
3,Raised Crosswalk,1001224178,,Asphalt,2011,,In Service,1706-7030-00,2011,Surrey,,,Final AB,,,,,,20111216,20111216,49.068367,-122.825227
3,Raised Crosswalk,1001226394,,Asphalt,,,Proposed,3811-8020-00,,Surrey,,,EC,,,,,,20120112,20120112,49.038793,-122.876348
9,Traffic Circle,1001355937,,Asphalt,2011,0,In Service,7806-0001-00,2011,Surrey,,,Final AB,,,,,,20120113,20120113,49.008483,-122.746349
7,Speed Hump,1001416162,,Asphalt,,,In Service,,,Surrey,,Digitized Via 2011 Air Photo,,,,,,,20120619,20120619,49.164631,-122.779619
0,All Way Stop,1000963750,,,,0,In Service,,,Surrey,68 Ave & 134 St,,Final AB,,,,,,,20121213,49.126317,-122.851115
7,Speed Hump,1001360732,,Asphalt,,,Proposed,7807-0330-00,,Surrey,,,EC,,,,,,20120215,20120215,49.136892,-122.684751
7,Speed Hump,1001360736,,Asphalt,,,Proposed,7807-0330-00,,Surrey,,,EC,,,,,,20120215,20120215,49.136688,-122.684461
7,Speed Hump,1001360733,,Asphalt,,,Proposed,7807-0330-00,,Surrey,,,EC,,,,,,20120215,20120215,49.136888,-122.684134
9,Traffic Circle,1001075245,158,Concrete,,0,In Service, ,,Surrey,158, ,Final AB,,,,,,,20120312,49.155340,-122.751306
7,Speed Hump,1001406132,,Asphalt,2007,,In Service,7805-0265-00,2011,Surrey,,,Final AB,,,,,,20120322,20120322,49.124626,-122.887064
7,Speed Hump,1001406133,,Asphalt,2007,,In Service,7805-0265-00,2011,Surrey,,,Final AB,,,,,,20120322,20120322,49.123987,-122.886822
7,Speed Hump,1001406134,,Asphalt,2007,,In Service,7805-0265-00,2011,Surrey,,,Final AB,,,,,,20120322,20120322,49.123391,-122.887061
3,Raised Crosswalk,1001211638,,Asphalt,2012,,In Service,3811-6080-00,2012,Surrey,,,Final AB,,,,,,20121206,20130109,49.173453,-122.873641
7,Speed Hump,1001416161,,Asphalt,,,In Service,,,Surrey,,Digitized Via 2011 Air Photo,,,,,,,20120619,20120619,49.165085,-122.779617
7,Speed Hump,1001193899,,Asphalt,2011,,In Service,7810-0182-00,2011,Surrey,,,Final AB,,,,,,20120208,20120619,49.008919,-122.742045
7,Speed Hump,1001416164,,Asphalt,,,In Service,,,Surrey,,Digitized Via 2011 Air Photo,,,,,,,20120619,20120619,49.164173,-122.779620
7,Speed Hump,1001145136,,Asphalt,,,In Service,7806-0310-00,2011,Surrey,,,Final AB,,,,,,20100107,20120620,49.130735,-122.822697
7,Speed Hump,1001214003,,Asphalt,2011,,In Service,7809-0247-00,2011,Surrey,,,Final AB,,,,,,20110922,20120710,49.116436,-122.812790
7,Speed Hump,1001075227,135,Asphalt,2008,0,In Service,1708-8040-00,2008,Surrey,135,TC05-32,Final AB,,,,,,,20120820,49.148254,-122.792219
9,Traffic Circle,1001423893,,,,,Proposed,7807-0101-00,2011,Surrey,,,EC,,,,,,20120831,20120907,49.100682,-122.874494
7,Speed Hump,1001216635,,Asphalt,,,In Service,7805-0382-00,2012,Surrey,,,Final AB,,,,,,20120906,20120912,49.135669,-122.691486
7,Speed Hump,1001216636,,Asphalt,,,In Service,7805-0382-00,2012,Surrey,,,Final AB,,,,,,20120906,20120912,49.135656,-122.692637
3,Raised Crosswalk,1001210670,,Asphalt,2012,,In Service,3811-6040-00,2012,Surrey,,,Final AB,,,,,,20120918,20121115,49.121276,-122.851038
7,Speed Hump,1001560659,,Asphalt,,,In Service,,,Surrey,,Digitized Via 2012 Air Photo,,,,,,,20121204,20121204,49.179063,-122.880506
7,Speed Hump,1001560660,,Asphalt,,,In Service,,,Surrey,,Digitized Via 2012 Air Photo,,,,,,,20121204,20121204,49.180684,-122.879425
3,Raised Crosswalk,1001211608,,Asphalt,2012,,In Service,3811-6080-00,2012,Surrey,,,Final AB,,,,,,20121206,20130109,49.171830,-122.873646
7,Speed Hump,1001606482,,Asphalt,,,In Service,7812-0161-00,2013,Surrey,,,Final AB,,,,,,20140103,20140103,49.057885,-122.833718
7,Speed Hump,1001581380,,Asphalt,2013,,In Service,7810-0175-00,2013,Surrey,,,Final AB,,,,,,20131126,20140103,49.111466,-122.836198
7,Speed Hump,1001563065,,Asphalt,,,Proposed,7806-0494-00,2012,Surrey,,,EC,,,,,,20130114,20130114,49.202019,-122.789397
9,Traffic Circle,1001360579,,Asphalt,2008,,In Service,7806-0297-00,2008,Surrey,,,Final AB,,,,,,20120213,20120213,49.173761,-122.887426
7,Speed Hump,1001163165,,Asphalt,2011,,In Service,7809-0204-00,2012,Surrey,,,Initial AB,,,,,,20120328,20120410,49.134032,-122.682428
4,Raised Intersection,1001075327,49,Asphalt,,0,In Service, ,,Surrey,49, ,Final AB,,,,,,,20120417,49.105237,-122.845587
7,Speed Hump,1001717162,,Asphalt,,,In Service,7812-0153-00,2014,Surrey,,,Initial AB,,,,,,20141028,20141028,49.042535,-122.757841
7,Speed Hump,1001416790,,Asphalt,,,In Service,7805-0230-00,2010,Surrey,,,Final AB,,,,,,20120628,20120628,49.134077,-122.692510
7,Speed Hump,1001416791,,Asphalt,,,In Service,7805-0230-00,2010,Surrey,,,Final AB,,,,,,20120628,20120628,49.134061,-122.693498
9,Traffic Circle,1001211131,,Concrete,,,In Service,1710-8080-00,2012,Surrey,Prince Charles Blvd. & Wallace Cres.,,Final AB,,,,,,20120924,20120925,49.173913,-122.863069
3,Raised Crosswalk,1001211154,,Asphalt,,,In Service,3811-6260-00,2012,Surrey,,,Final AB,,,,,,20120925,20120925,49.148220,-122.764889
7,Speed Hump,1001562992,,Asphalt,,,In Service,7807-0047-00,2012,Surrey,,,Final AB,,,,,,20130114,20130114,49.111249,-122.810843
7,Speed Hump,1001717163,,Asphalt,,,In Service,7812-0153-00,2014,Surrey,,,Initial AB,,,,,,20141028,20141028,49.041893,-122.757846
7,Speed Hump,1001563053,,Asphalt,,,In Service,,,Surrey,,Digitized Via 2102 Airphoto,,,,,,,20130114,20130114,49.110178,-122.811635
7,Speed Hump,1001563052,,Asphalt,,,In Service,,,Surrey,,Digitized Via 2102 Airphoto,,,,,,,20130114,20130114,49.110574,-122.811630
7,Speed Hump,1001563066,,Asphalt,,,Proposed,7806-0494-00,2012,Surrey,,,EC,,,,,,20130114,20130114,49.202014,-122.788390
7,Speed Hump,1001701051,,Asphalt,,,In Service,,,Surrey,,Digitized Via 2013 Airphoto,,,,,,,20130904,20130904,49.059911,-122.814161
7,Speed Hump,1001701052,1001701051,Asphalt,,,In Service,,,Surrey,,Digitized Via 2013 Airphoto,,,,,,,20130904,20130904,49.059468,-122.814172
7,Speed Hump,1001717164,,Asphalt,,,In Service,7812-0153-00,2014,Surrey,,,Initial AB,,,,,,20141028,20141028,49.043347,-122.759620
7,Speed Hump,1001717165,,Asphalt,,,In Service,7812-0153-00,2014,Surrey,,,Initial AB,,,,,,20141028,20141028,49.043355,-122.758266
7,Speed Hump,1001174987,,Asphalt,2009,,In Service,7806-0086-00,2009,Surrey,,,Final AB,,,,,,20101006,20120703,49.111607,-122.857267
7,Speed Hump,1001174988,,Asphalt,2009,,In Service,7806-0086-00,2009,Surrey,,,Final AB,,,,,,20101006,20120703,49.110959,-122.857272
7,Speed Hump,1001174989,,Asphalt,2009,,In Service,7806-0086-00,2009,Surrey,,,Final AB,,,,,,20101006,20120703,49.110384,-122.857276
7,Speed Hump,1001174990,,Asphalt,2009,,In Service,7806-0086-00,2009,Surrey,,,Final AB,,,,,,20101006,20120703,49.109736,-122.857281
9,Traffic Circle,1001433107,,Concrete,2012,,In Service,7805-0234-00,2008,Surrey,,,Final AB,,,,,,20120911,20120911,49.100653,-122.698337
7,Speed Hump,1001556931,,Asphalt,,,In Service,,,Surrey,,Digitized Via 2012 Air Photo,,,,,,,20121017,20121017,49.113047,-122.812788
7,Speed Hump,1001559219,,Asphalt,,,In Service,FT00359,,Surrey,,,Final AB,,,,,,20121109,20121109,49.184883,-122.831417
7,Speed Hump,1001559220,,Asphalt,,,In Service,FT00359,,Surrey,,,Final AB,,,,,,20121109,20121109,49.185628,-122.831412
7,Speed Hump,1001559221,,Asphalt,,,In Service,FT00360,,Surrey,,,Final AB,,,,,,20121109,20121109,49.110340,-122.759059
7,Speed Hump,1001559222,,Asphalt,,,In Service,FT00360,,Surrey,,,Final AB,,,,,,20121109,20121109,49.109324,-122.760283
7,Speed Hump,1001559223,,Asphalt,,,In Service,FT00361,,Surrey,,,Final AB,,,,,,20121109,20121109,49.033896,-122.829085
7,Speed Hump,1001559225,,Asphalt,,,In Service,FT00362,,Surrey,,,Final AB,,,,,,20121109,20121109,49.130172,-122.828845
7,Speed Hump,1001559226,,Asphalt,,,In Service,FT00362,,Surrey,,,Final AB,,,,,,20121109,20121109,49.128763,-122.828833
7,Speed Hump,1001559227,,Asphalt,,,Abandoned,FT00363,,Surrey,,,Initial AB,,,,,,20121109,20121109,49.177592,-122.885940
7,Speed Hump,1001559228,,Asphalt,,,In Service,FT00364,,Surrey,,,Final AB,,,,,,20121109,20121109,49.138952,-122.866187
7,Speed Hump,1001559229,,Asphalt,,,In Service,FT00364,,Surrey,,,Final AB,,,,,,20121109,20121109,49.139716,-122.866503
7,Speed Hump,1001559233,,Asphalt,,,In Service,FT00365,,Surrey,,,Initial AB,,,,,,20121109,20121109,49.133475,-122.878617
7,Speed Hump,1001559234,,Asphalt,,,In Service,FT00365,,Surrey,,,Initial AB,,,,,,20121109,20121109,49.133524,-122.877318
7,Speed Hump,1001559235,,Asphalt,,,In Service,FT0366,,Surrey,,,Final AB,,,,,,20121109,20121109,49.054816,-122.739411
7,Speed Hump,1001559236,,Asphalt,,,In Service,FT0366,,Surrey,,,Final AB,,,,,,20121109,20121109,49.055043,-122.741136
7,Speed Hump,1001559237,,Asphalt,,,In Service,FT0366,,Surrey,,,Final AB,,,,,,20121109,20121109,49.055050,-122.743001
7,Speed Hump,1001559238,,Asphalt,,,In Service,FT0366,,Surrey,,,Final AB,,,,,,20121109,20121109,49.055039,-122.744652
7,Speed Hump,1001559239,,Asphalt,,,In Service,FT00367,,Surrey,,,Initial AB,,,,,,20121109,20121109,49.053927,-122.736436
7,Speed Hump,1001559240,,Asphalt,,,In Service,FT00367,,Surrey,,,Initial AB,,,,,,20121109,20121109,49.054029,-122.738412
7,Speed Hump,1001559242,,Asphalt,,,In Service,FT00368,,Surrey,,,Final AB,,,,,,20121109,20121109,49.050323,-122.882305
7,Speed Hump,1001559243,,Asphalt,,,In Service,FT00368,,Surrey,,,Final AB,,,,,,20121109,20121109,49.051347,-122.881446
7,Speed Hump,1001559244,,Asphalt,,,In Service,FT00368,,Surrey,,,Final AB,,,,,,20121109,20121109,49.052478,-122.880030
7,Speed Hump,1001559245,,Asphalt,,,In Service,FT00368,,Surrey,,,Final AB,,,,,,20121109,20121109,49.053499,-122.878182
7,Speed Hump,1001559271,,Asphalt,,,In Service,FT00369,,Surrey,,,Final AB,,,,,,20121109,20121109,49.111808,-122.874976
7,Speed Hump,1001559273,,Asphalt,,,In Service,FT00369,,Surrey,,,Final AB,,,,,,20121109,20121109,49.111809,-122.876745
5,Roundabout,1000963757,,,,,In Service,,,Surrey,,,Final AB,,,,,,,20081212,49.111860,-122.845462
7,Speed Hump,1001075224,73,Asphalt,2006,0,In Service, ,2006,Surrey,73, ,Final AB,,,,,,,20081212,49.114156,-122.879795
7,Speed Hump,1001075133,122,Asphalt,2007,0,In Service, ,2007,Surrey,122, ,Final AB,,,,,,,20081212,49.159151,-122.791261
9,Traffic Circle,1001075164,23,Concrete,2005,0,In Service, ,2005,Surrey,23, ,Final AB,,,,,,,20081212,49.067365,-122.788730
7,Speed Hump,1001075184,33,Asphalt,2005,0,In Service, ,2005,Surrey,33, ,Final AB,,,,,,,20081212,49.063728,-122.792209
7,Speed Hump,1001075351,210,Asphalt,,0,In Service, ,,Surrey,210, ,Final AB,,,,,,,20081212,49.202163,-122.860609
0,All Way Stop,1000963737,,,,0,In Service,,,Surrey,,,Final AB,,,,,,,20081212,49.037456,-122.799871
0,All Way Stop,1000963758,,,,0,In Service,,,Surrey,,,Final AB,,,,,,,20081212,49.038340,-122.790199
8,Speed Table,1001075254,237,Asphalt,2008,90,In Service,1708-8040-00,2008,Surrey,237,FH 168,Final AB,,,,,,,20081212,49.197052,-122.756525
7,Speed Hump,1001075189,11,Asphalt,2008,0,In Service,1708-8040-00,2008,Surrey,11, ,Final AB,,,,,,,20081212,49.036991,-122.806235
8,Speed Table,1001075348,242,Asphalt,,0,In Service,1708-8040-00,,Surrey,242,FH 164,Final AB,,,,,,,20081212,49.199719,-122.767507
7,Speed Hump,1001075207,116,Asphalt,2007,0,In Service, ,2007,Surrey,116, ,Final AB,,,,,,,20081212,49.150103,-122.802653
7,Speed Hump,1001075140,128,Asphalt,,0,In Service, ,,Surrey,128, ,Final AB,,,,,,,20081212,49.150128,-122.795852
8,Speed Table,1001075385,164,Asphalt,2008,0,In Service,1708-8040-00,2008,Surrey,164, ,Final AB,,,,,,,20081212,49.126001,-122.726034
3,Raised Crosswalk,1001075168,86,Asphalt,,0,In Service, ,,Surrey,86, ,Final AB,,,,,,,20081212,49.115399,-122.851028
7,Speed Hump,1001075262,173,Asphalt,,0,In Service, ,,Surrey,173, ,Final AB,,,,,,,20081212,49.168050,-122.873642
4,Raised Intersection,1001075188,44,Asphalt,,0,In Service, ,,Surrey,44,Panorama,Final AB,,,,,,,20081212,49.103444,-122.882053
7,Speed Hump,1001075250,212,Asphalt,,0,In Service, ,,Surrey,212, ,Final AB,,,,,,,20081212,49.199393,-122.860645
8,Speed Table,1001075232,239,Asphalt,2008,0,In Service,1708-8040-00,2008,Surrey,239,FH 105A,Final AB,,,,,,,20081212,49.194420,-122.754301
0,All Way Stop,1000963730,,,,0,In Service,,,Surrey,,,Final AB,,,,,,,20081212,49.155715,-122.879100
7,Speed Hump,1001075370,21,Asphalt,2005,135,In Service, ,2005,Surrey,21, ,Final AB,,,,,,,20081212,49.070548,-122.787676
7,Speed Hump,1001075275,155,Asphalt,,0,In Service, ,,Surrey,155, ,Final AB,,,,,,,20081212,49.156192,-122.754819
7,Speed Hump,1001075161,152,Asphalt,,0,In Service, ,,Surrey,152, ,Final AB,,,,,,,20081212,49.155465,-122.755728
7,Speed Hump,1001075134,226,Asphalt,,0,In Service, ,,Surrey,226, ,Final AB,,,,,,,20081212,49.200477,-122.792556
7,Speed Hump,1001075238,141,Asphalt,,0,In Service, ,,Surrey,141, ,Final AB,,,,,,,20081212,49.147092,-122.778861
7,Speed Hump,1001075366,91,Asphalt,,0,In Service, ,,Surrey,91, ,Final AB,,,,,,,20081212,49.108257,-122.813589
5,Roundabout,1000963718,,,,,In Service,,,Surrey,,,Final AB,,,,,,,20081212,49.109556,-122.845510
8,Speed Table,1001075237,261,Asphalt,2008,135,In Service, ,2008,Surrey,261, ,Final AB,,,,,,,20081212,49.063882,-122.787444
7,Speed Hump,1001193685,,Asphalt,,,In Service,7809-0170-00,2013,Surrey,,,Initial AB,,,,,,20130529,20130529,49.109711,-122.858575
7,Speed Hump,1001722875,,Asphalt,,,In Service,7811-0113-00,2014,Surrey,,,Initial AB,,,,,,20140718,20140718,49.134678,-122.684356
7,Speed Hump,1001416611,,Asphalt,,,In Service,,,Surrey,,Digitized Via 2011 Air Photo,,,,,,,20120626,20120626,49.118554,-122.848787
7,Speed Hump,1001416612,,Asphalt,,,In Service,,,Surrey,,Digitized Via 2011 Air Photo,,,,,,,20120626,20120626,49.118551,-122.847763
7,Speed Hump,1001416613,,Asphalt,,,In Service,,,Surrey,,Digitized Via 2011 Air Photo,,,,,,,20120626,20120626,49.118552,-122.847447
7,Speed Hump,1001433789,,Asphalt,,,Proposed,7812-0016-00,,Surrey,,,EC,,,,,,20120917,20120917,49.117274,-122.817742
7,Speed Hump,1001722876,,Asphalt,,,In Service,7811-0113-00,2014,Surrey,,,Initial AB,,,,,,20140718,20140718,49.135154,-122.684391
9,Traffic Circle,1001723386,,Asphalt,,,In Service,7811-0113-00,2014,Surrey,,,Initial AB,,,,,,20140718,20140718,49.135495,-122.683747
3,Raised Crosswalk,1001210487,,Asphalt,,,In Service,3811-6040-00,2012,Surrey,,,Final AB,,,,,,20120918,20120918,49.122484,-122.851059
3,Raised Crosswalk,1001210942,,Asphalt,,,In Service,3811-6210-00,2012,Surrey,,,Final AB,,,,,,20120920,20120920,49.113792,-122.741716
7,Speed Hump,1001193686,,Asphalt,,,In Service,7809-0170-00,2013,Surrey,,,Initial AB,,,,,,20130529,20130529,49.109064,-122.858574
7,Speed Hump,1001604070,,Asphalt,,,In Service,,,Surrey,,Digitized Via 2013 Airphoto,,,,,,,20130627,,49.125067,-122.697615
7,Speed Hump,1001423230,,Asphalt,,,In Service,7811-0161-00,2013,Surrey,,,Initial AB,,,,,,20130627,20130627,49.126021,-122.694549
3,Raised Crosswalk,1001578606,,Asphalt,,,In Service,7807-0032-00,2013,Surrey,,,Final AB,,,,,,20130307,20130307,49.061100,-122.779164
7,Speed Hump,1001604069,,Asphalt,,,In Service,,,Surrey,,Digitized Via 2013 Airphoto,,,,,,,20130627,,49.125091,-122.696622
7,Speed Hump,1001707264,,Asphalt,,,In Service,7811-0330-00,2014,Surrey,,,Initial AB,,,,,,20140730,20140730,49.116750,-122.766949
7,Speed Hump,1001707268,,Asphalt,,,In Service,7811-0330-00,2014,Surrey,,,Initial AB,,,,,,20140730,20140730,49.116417,-122.766259
7,Speed Hump,1001606964,,Asphalt,,,In Service,,,Surrey,,Digitized Via 2013 Airphoto,,,,,,,20130722,,49.172121,-122.778192
3,Raised Crosswalk,1001567006,,Asphalt,,,In Service,7812-0015-00,2013,Surrey,,,Final AB,,,,,,20131002,20131002,49.129390,-122.683955
7,Speed Hump,1001713105,,Asphalt,,,In Service,,,Surrey,,Digitized Via 2013 Airphoto,,,,,,,20131003,,49.128590,-122.680545
7,Speed Hump,1001713106,,Asphalt,,,In Service,,,Surrey,,Digitized Via 2013 Airphoto,,,,,,,20131003,,49.128319,-122.680353
7,Speed Hump,1001713107,,Asphalt,,,In Service,,,Surrey,,Digitized Via 2013 Airphoto,,,,,,,20131003,,49.127777,-122.680469
7,Speed Hump,1001713108,,Asphalt,,,In Service,,,Surrey,,Digitized Via 2013 Airphoto,,,,,,,20131003,,49.126937,-122.680520
7,Speed Hump,1001713147,,Asphalt,,,In Service,,,Surrey,,Digitized Via 2013 Airphoto,,,,,,,20131003,,49.131788,-122.682641
7,Speed Hump,1001713148,,Asphalt,,,In Service,,,Surrey,,Digitized Via 2013 Airphoto,,,,,,,20131003,,49.131786,-122.682206
7,Speed Hump,1001713149,,Asphalt,,,In Service,,,Surrey,,Digitized Via 2013 Airphoto,,,,,,,20131003,,49.131988,-122.682366
7,Speed Hump,1001713150,,Asphalt,,,In Service,,,Surrey,,Digitized Via 2013 Airphoto,,,,,,,20131003,,49.132602,-122.682357
7,Speed Hump,1001359224,,Asphalt,,,In Service,7810-0177-00,2013,Surrey,,,Final AB,,,,,,20130426,20130426,49.134815,-122.693145
7,Speed Hump,1001359225,,Asphalt,,,In Service,7810-0177-00,2013,Surrey,,,Final AB,,,,,,20130426,20130426,49.134833,-122.692158
7,Speed Hump,1001595567,,Asphalt,,,Proposed,7811-0127-00,,Surrey,,,EC,,,,,,20130517,20130517,49.134049,-122.684173
3,Raised Crosswalk,1001796998,,Asphalt,,,Proposed,3814-4080-00,,Surrey,,,EC,,,,,,20141113,20141113,49.130847,-122.879060
7,Speed Hump,1001559283,,Asphalt,,,In Service,FT00370,,Surrey,,,Final AB,,,,,,20121109,20121109,49.155087,-122.806308
7,Speed Hump,1001559284,,Asphalt,,,In Service,FT00370,,Surrey,,,Final AB,,,,,,20121109,20121109,49.155093,-122.804569
7,Speed Hump,1001559285,,Asphalt,,,In Service,FT00371,,Surrey,,,Final AB,,,,,,20121109,20121109,49.158129,-122.833882
7,Speed Hump,1001559286,,Asphalt,,,In Service,FT00371,,Surrey,,,Final AB,,,,,,20121109,20121109,49.157362,-122.833900
7,Speed Hump,1001559287,,Asphalt,,,In Service,FT00371,,Surrey,,,Final AB,,,,,,20121109,20121109,49.155995,-122.834108
7,Speed Hump,1001559298,,Asphalt,,,In Service,FT00376,,Surrey,,,Final AB,,,,,,20121109,20121109,49.049312,-122.747045
7,Speed Hump,1001559299,,Asphalt,,,In Service,FT00376,,Surrey,,,Final AB,,,,,,20121109,20121109,49.049327,-122.749167
7,Speed Hump,1001559288,,Asphalt,,,In Service,FT00371,,Surrey,,,Final AB,,,,,,20121109,20121109,49.156343,-122.833893
7,Speed Hump,1001559296,,Asphalt,,,In Service,FT00375,,Surrey,,,Final AB,,,,,,20121109,20121109,49.045788,-122.877496
7,Speed Hump,1001559289,,Asphalt,,,In Service,FT00372,,Surrey,,,Final AB,,,,,,20121109,20121109,49.160189,-122.833927
7,Speed Hump,1001559290,,Asphalt,,,In Service,FT00372,,Surrey,,,Final AB,,,,,,20121109,20121109,49.159535,-122.833906
7,Speed Hump,1001559291,,Asphalt,,,In Service,FT00372,,Surrey,,,Final AB,,,,,,20121109,20121109,49.158830,-122.833879
7,Speed Hump,1001559300,,Asphalt,,,In Service,FT00377,,Surrey,,,Final AB,,,,,,20121109,20121109,49.126214,-122.801728
7,Speed Hump,1001559301,,Asphalt,,,In Service,FT00377,,Surrey,,,Final AB,,,,,,20121109,20121109,49.125625,-122.801780
7,Speed Hump,1001559292,,Asphalt,,,In Service,FT00373,,Surrey,,,Final AB,,,,,,20121109,20121109,49.121020,-122.707695
7,Speed Hump,1001559293,,Asphalt,,,In Service,FT00373,,Surrey,,,Final AB,,,,,,20121109,20121109,49.120689,-122.705608
7,Speed Hump,1001559294,,Asphalt,,,In Service,FT00374,,Surrey,,,Final AB,,,,,,20121109,20121109,49.131085,-122.696198
7,Speed Hump,1001559295,,Asphalt,,,In Service,FT00374,,Surrey,,,Final AB,,,,,,20121109,20121109,49.129975,-122.694053
7,Speed Hump,1001559302,,Asphalt,,,In Service,FT00378,,Surrey,,,Final AB,,,,,,20121109,20121109,49.159117,-122.827545
7,Speed Hump,1001559303,,Asphalt,,,In Service,FT00378,,Surrey,,,Final AB,,,,,,20121109,20121109,49.157780,-122.827056
8,Speed Table,1001559304,,Asphalt,,,In Service,FT00379,,Surrey,,,Final AB,,,,,,20121109,20121109,49.151373,-122.790097
7,Speed Hump,1001559306,,Asphalt,,,In Service,FT00380,,Surrey,,,Final AB,,,,,,20121109,20121109,49.109086,-122.857287
7,Speed Hump,1001174991,,Asphalt,2009,,Abandoned,7806-0086-00,2009,Surrey,,SEE FT00380,Final AB,,,,,,20101006,20121109,49.109121,-122.857286
7,Speed Hump,1001559307,,Asphalt,,,In Service,FT00381,,Surrey,,,Final AB,,,,,,20121109,20121109,49.118282,-122.717802
7,Speed Hump,1001559308,,Asphalt,,,In Service,FT00381,,Surrey,,,Final AB,,,,,,20121109,20121109,49.118280,-122.716551
7,Speed Hump,1001559309,,Asphalt,,,In Service,FT00381,,Surrey,,,Final AB,,,,,,20121109,20121109,49.118277,-122.715006
9,Traffic Circle,1001211065,,Concrete,2012,,In Service,1710-8080-00,2012,Surrey,Prince Charles Blvd. & Glengarry Cres.,,Final AB,,,,,,20120924,20121121,49.167357,-122.863909
7,Speed Hump,1001578154,,Asphalt,,,In Service,7810-0257-00,2012,Surrey,,,Final AB,,,,,,20130301,20130301,49.022688,-122.766168
9,Traffic Circle,1001075304,188,Concrete,,0,In Service, ,,Surrey,188, ,Final AB,,,,,,,20081212,49.181451,-122.787105
8,Speed Table,1001075145,124,Asphalt,,0,In Service, ,,Surrey,124, ,Final AB,,,,,,,20081212,49.163141,-122.799707
0,All Way Stop,1000963714,,,,0,In Service,,,Surrey,,,Final AB,,,,,,,20081212,49.205230,-122.812643
7,Speed Hump,1001075152,42,Asphalt,,0,In Service, ,,Surrey,42, ,Final AB,,,,,,,20081212,49.100936,-122.874538
7,Speed Hump,1001737367,,Asphalt,,,In Service,,,Surrey,,Digitized Via 2013 Air Photo,,,,,,,20140326,,49.106139,-122.811696
7,Speed Hump,1001075273,245,Asphalt,,0,In Service, ,,Surrey,245,FH 110,Final AB,,,,,,,20081212,49.202398,-122.785327
0,All Way Stop,1000963708,,,,0,In Service,,,Surrey,,,Final AB,,,,,,,20081212,49.074930,-122.756767
0,All Way Stop,1000963744,,,,0,In Service,,,Surrey,,,Final AB,,,,,,,20081212,49.034735,-122.795674
0,All Way Stop,1000963728,,,,0,In Service,,,Surrey,,,Final AB,,,,,,,20081212,49.133331,-122.712500
8,Speed Table,1001075360,60,Asphalt,2006,90,In Service, ,2006,Surrey,60, ,Final AB,,,,,,,20081212,49.113561,-122.879193
7,Speed Hump,1001075283,72,Asphalt,2006,90,In Service, ,2006,Surrey,72, ,Final AB,,,,,,,20081212,49.116150,-122.886011
3,Raised Crosswalk,1001419333,,Concrete,2014,,In Service,7811-0062-00,2014,Surrey,,,Final AB,,,,,,20120725,20141007,49.052814,-122.782165
8,Speed Table,1001075383,68,Asphalt,2007,45,In Service, ,2007,Surrey,68, ,Final AB,,,,,,,20081212,49.111106,-122.889188
8,Speed Table,1001075297,51,Asphalt,2006,90,In Service, ,2006,Surrey,51, ,Final AB,,,,,,,20081212,49.116979,-122.887462
7,Speed Hump,1001075368,160,Asphalt,,0,In Service, ,,Surrey,160, ,Final AB,,,,,,,20081212,49.168355,-122.773224
7,Speed Hump,1001075289,66,Asphalt,2006,90,In Service, ,2006,Surrey,66, ,Final AB,,,,,,,20081212,49.110888,-122.886201
0,All Way Stop,1000963741,,,,0,In Service,,,Surrey,,,Final AB,,,,,,,20081212,49.053024,-122.867349
8,Speed Table,1001075203,234,Asphalt,,0,In Service, ,,Surrey,234, ,Final AB,,,,,,,20081212,49.204459,-122.762996
7,Speed Hump,1001075298,22,Asphalt,2005,90,In Service, ,2005,Surrey,22, ,Final AB,,,,,,,20081212,49.068686,-122.787821
7,Speed Hump,1001075214,117,Asphalt,2007,0,In Service, ,2007,Surrey,117,TC06-24,Final AB,,,,,,,20081212,49.159185,-122.800395
7,Speed Hump,1001075285,172,Asphalt,,0,In Service, ,,Surrey,172, ,Final AB,,,,,,,20081212,49.166557,-122.873618
0,All Way Stop,1000963732,,,,0,In Service,,,Surrey,,,Final AB,,,,,,,20081212,49.207899,-122.845331
8,Speed Table,1001075212,243,Asphalt,,0,In Service,1708-8040-00,,Surrey,243, ,Final AB,,,,,,,20081212,49.197632,-122.767503
7,Speed Hump,1001075278,180,Asphalt,,0,In Service, ,,Surrey,180, ,Final AB,,,,,,,20081212,49.180653,-122.901287
7,Speed Hump,1001804883,,Asphalt,,,Proposed,7813-0280-00,2014,Surrey,,,EC,,,,,,20150203,20150203,49.030821,-122.864073
7,Speed Hump,1001075198,183,Asphalt,,0,In Service, ,,Surrey,183, ,Final AB,,,,,,,20081212,49.178341,-122.901223
4,Raised Intersection,1001075217,61,Asphalt,2006,0,In Service, ,2006,Surrey,61, ,Final AB,,,,,,,20081212,49.112348,-122.880087
7,Speed Hump,1001804884,,Asphalt,,,Proposed,7813-0280-00,2014,Surrey,,,EC,,,,,,20150203,20150203,49.030818,-122.863139
7,Speed Hump,1001075290,201,Asphalt,,0,In Service, ,,Surrey,201, ,Final AB,,,,,,,20081212,49.203099,-122.860593
7,Speed Hump,1001075374,205,Asphalt,,0,In Service, ,,Surrey,205, ,Final AB,,,,,,,20081212,49.200892,-122.865459
7,Speed Hump,1001804885,,Asphalt,,,Proposed,7813-0280-00,2014,Surrey,,,EC,,,,,,20150203,20150203,49.030816,-122.862531
0,All Way Stop,1000963738,,,,0,In Service,,,Surrey,,,Final AB,,,,,,,20081212,49.107787,-122.730293
3,Raised Crosswalk,1001594864,,Asphalt,,,In Service,7807-0129-00,2014,Private,,,Initial AB,,,,,,20150216,20150216,49.127176,-122.847053
3,Raised Crosswalk,1001075160,230,Asphalt,,0,In Service, ,,Surrey,230, ,Final AB,,,,,,,20081212,49.206079,-122.776703
7,Speed Hump,1001713556,,Asphalt,,,In Service,,,Surrey,,Digitized Via 2013 Airphoto,,,,,,,20131007,,49.131207,-122.681257
7,Speed Hump,1001713151,,Asphalt,,,In Service,,,Surrey,,Digitized Via 2013 Airphoto,,,,,,,20131003,,49.130585,-122.682677
7,Speed Hump,1001713152,,Asphalt,,,In Service,,,Surrey,,Digitized Via 2013 Airphoto,,,,,,,20131003,,49.130581,-122.682114
7,Speed Hump,1001713153,,Asphalt,,,In Service,,,Surrey,,Digitized Via 2013 Airphoto,,,,,,,20131003,,49.130211,-122.682402
4,Raised Intersection,1001713265,,Asphalt,,,In Service,,,Surrey,,Digitized Via 2013 Air Photo,,,,,,,20131003,20131003,49.130008,-122.680297
7,Speed Hump,1001713557,,Asphalt,,,In Service,,,Surrey,,Digitized Via 2013 Airphoto,,,,,,,20131007,,49.131638,-122.681250
7,Speed Hump,1001713558,,Asphalt,,,In Service,,,Surrey,,Digitized Via 2013 Airphoto,,,,,,,20131007,,49.132073,-122.681242
7,Speed Hump,1001713559,,Asphalt,,,In Service,,,Surrey,,Digitized Via 2013 Airphoto,,,,,,,20131007,,49.132588,-122.681232
9,Traffic Circle,1001179375,,Asphalt,2010,,Proposed,7805-0126-03,,Surrey,161A St & 25 Ave,4.5m R,Final AB,,,,,,20101101,20131113,49.047851,-122.774899
9,Traffic Circle,1001179469,,Asphalt,2010,,Proposed,7805-0126-03,,Surrey,162 St & 26Ave,4.5m R,Final AB,,,,,,20101101,20131113,49.049277,-122.771907
9,Traffic Circle,1001179521,,Asphalt,2010,,Proposed,7805-0126-03,,Surrey,162 St & 27A Ave,4.5m R,Final AB,,,,,,20101101,20131113,49.051616,-122.773277
7,Speed Hump,1001735939,,Asphalt,,,In Service,,,Surrey,,Digitized Via 2013 Air Photo,,,,,,,20140320,,49.112295,-122.817461
9,Traffic Circle,1001075148,192,Concrete,2007,0,In Service,3805-5500-01,2007,Surrey,111 Ave & 132 St, ,Final AB,,,,,,,20140129,49.204685,-122.856408
8,Speed Table,1001075231,194,Asphalt,2007,0,In Service,3805-5500-01,2007,Surrey,194, ,Final AB,,,,,,,20140129,49.204699,-122.858529
9,Traffic Circle,1001075375,,Concrete,2007,0,In Service,3805-5500-01,2007,Surrey,111 Ave & 130A St, ,Final AB,,,,,,,20140129,49.204689,-122.860546
7,Speed Hump,1001075235,193,Asphalt,,0,In Service, ,,Surrey,193, ,Final AB,,,,,,,20140129,49.204700,-122.857190
8,Speed Table,1001075305,195,Asphalt,2007,0,In Service,3805-5500-01,2007,Surrey,195, ,Final AB,,,,,,,20140129,49.204700,-122.859718
4,Raised Intersection,1001075362,149,Asphalt,2007,0,In Service,3805-5500-01,2007,Surrey,84 Ave & 165 St,TC05-56,Final AB,,,,,,,20140130,49.155476,-122.765630
3,Raised Crosswalk,1001075286,150,Asphalt,2007,0,In Service,3805-5500-01,2007,Surrey,16600blk 84 Ave, ,Final AB,,,,,,,20140130,49.155471,-122.762096
9,Traffic Circle,1001075158,211,Concrete,2007,0,In Service,3805-5500-01,2007,Surrey,109 Ave & 130A St, ,Final AB,,,,,,,20140130,49.200897,-122.860615
2,Diverter,1001075331,204,Concrete,2007,0,In Service,3805-5500-01,2007,Surrey,110 Ave & 129 St, ,Final AB,,,,,,20140130,20140130,49.202790,-122.864716
9,Traffic Circle,1001075229,202,Concrete,2007,0,In Service,3805-5500-01,2007,Surrey,130 St & 110 Ave, ,Final AB,,,,,,,20140130,49.202801,-122.861966
4,Raised Intersection,1001075294,89,Asphalt,2007,0,In Service,1705-7120-00,2007,Surrey,58 Ave & 146 St, ,Final AB,,,,,,,20140203,49.108188,-122.817792
3,Raised Crosswalk,1001075330,90,Asphalt,2007,0,In Service,1705-7120-00,2007,Surrey,90, ,Final AB,,,,,,,20140203,49.108165,-122.815737
7,Speed Hump,1001075123,100,Asphalt,2007,0,In Service,1705-7120-00,2007,Surrey,100,146 (58-60),Final AB,,,,,,,20140203,49.109916,-122.817784
3,Raised Crosswalk,1001075171,101,Asphalt,2007,0,In Service,1705-7120-00,2007,Surrey,101, ,Final AB,,,,,,,20140203,49.109053,-122.817808
7,Speed Hump,1001604837,,Asphalt,,,In Service,7812-0218-00,2014,Surrey,,,Final AB,,,,,,20140228,20140228,49.110576,-122.812832
7,Speed Hump,1001735940,,Asphalt,,,In Service,,,Surrey,,Digitized Via 2013 Air Photo,,,,,,,20140320,,49.112294,-122.816505
7,Speed Hump,1001718325,,Asphalt,,,In Service,7812-0204-00,2014,Surrey,,,Final AB,,,,,,20141015,20141015,49.043506,-122.766393
7,Speed Hump,1001718326,,Asphalt,,,In Service,7812-0204-00,2014,Surrey,,,Final AB,,,,,,20141015,20141015,49.042982,-122.766397
7,Speed Hump,1001718327,,Asphalt,,,In Service,7812-0204-00,2014,Surrey,,,Final AB,,,,,,20141015,20141015,49.042463,-122.766400
3,Raised Crosswalk,1001075143,256,Asphalt,2008,2,In Service,7807-0032-00,2013,Surrey,256, ,Final AB,,,,,,,20130308,49.065958,-122.781740
7,Speed Hump,1001709617,,Asphalt,,,In Service,7812-0037-00,2014,Surrey,,,Final AB,,,,,,20140430,20140430,49.112616,-122.839220
7,Speed Hump,1001713324,,Asphalt,,,In Service,,,Surrey,,Digitized Via 2013 Airphoto,,,,,,,20131004,,49.133130,-122.683353
7,Speed Hump,1001713326,,Asphalt,,,In Service,,,Surrey,,Digitized Via 2013 Airphoto,,,,,,,20131004,,49.133222,-122.682191
7,Speed Hump,1001713325,,Asphalt,,,In Service,,,Surrey,,Digitized Via 2013 Airphoto,,,,,,,20131004,,49.133224,-122.682864
4,Raised Intersection,1001713353,,Asphalt,,,In Service,,,Surrey,,Digitized Via 2013 Air Photo,,,,,,,20131004,20131004,49.132051,-122.680236
3,Raised Crosswalk,1001713352,,Asphalt,,,In Service,,,Surrey,,Digitized Via 2013 Air Photo,,,,,,,20131004,,49.129995,-122.683476
7,Speed Hump,1001713327,,Asphalt,,,In Service,,,Surrey,,Digitized Via 2013 Airphoto,,,,,,,20131004,,49.133215,-122.681355
7,Speed Hump,1001604892,,Asphalt,,,In Service,7812-0023-00,2013,Surrey,,,Final AB,,,,,,20140128,20140128,49.035800,-122.835194
5,Roundabout,1001086627,,Concrete,2007,,In Service,1705-7110-00,2007,Surrey,,,Final AB,,,,,,20090330,20140128,49.038447,-122.817790
7,Speed Hump,1001726438,,Asphalt,,,In Service,7812-0023-00,2013,Surrey,,,Final AB,,,,,,20140128,20140128,49.036641,-122.835172
7,Speed Hump,1001709618,,Asphalt,,,In Service,7812-0037-00,2014,Surrey,,,Final AB,,,,,,20140430,20140430,49.112265,-122.838951
7,Speed Hump,1001717160,,Asphalt,,,In Service,7812-0153-00,2014,Surrey,,,Final AB,,,,,,20141010,20141010,49.043537,-122.757834
7,Speed Hump,1001717161,,Asphalt,,,In Service,7812-0153-00,2014,Surrey,,,Initial AB,,,,,,20141010,20141010,49.043225,-122.757833
9,Traffic Circle,1001799137,,Asphalt,,,Proposed,7812-0332-00,2014,Surrey,,,EC,,,,,,20141212,20141212,49.181515,-122.843264
7,Speed Hump,1001741000,,Asphalt,,,In Service,7812-0244-00,2014,Surrey,,,Initial AB,,,,,,20140411,20150119,49.047052,-122.767286
7,Speed Hump,1001803835,,Asphalt,,,Proposed,7813-0168-00,2014,Surrey,,,EC,,,,,,20150127,20150127,49.134771,-122.834840
7,Speed Hump,1001803836,,Asphalt,,,Proposed,7813-0168-00,2014,Surrey,,,EC,,,,,,20150127,20150127,49.134372,-122.835217
7,Speed Hump,1001075380,80,Asphalt,2007,0,In Service, ,2007,Surrey,80, ,Final AB,,,,,,,20081212,49.122904,-122.875703
9,Traffic Circle,1001075204,34,Concrete,2005,0,In Service, ,2005,Surrey,34, ,Final AB,,,,,,,20090317,49.063728,-122.792966
9,Traffic Circle,1001075199,111,Concrete,2007,0,In Service, ,2007,Surrey,111, ,Final AB,,,,,,,20090317,49.150298,-122.804159
7,Speed Hump,1001201669,,Asphalt,,,In Service,7804-0193-00,2005,Surrey,,,EC,,,,,,20110617,20110617,49.125946,-122.693518
7,Speed Hump,1001134467,,Asphalt,2008,,In Service,7805-0325-00,2008,Surrey,,,Final AB,,,,,,20091014,20091014,49.160933,-122.780066
5,Roundabout,1000963711,,,,,In Service,,,Surrey,,,Final AB,,,,,,,20090303,49.198849,-122.784221
7,Speed Hump,1001134403,,Asphalt,2009,,In Service,7806-0350-00,2009,Surrey,,,Final AB,,,,,,20091014,20091014,49.155751,-122.823998
7,Speed Hump,1001134469,,Asphalt,2008,,In Service,7805-0325-00,2008,Surrey,,,Final AB,,,,,,20091014,20091014,49.160931,-122.779535
7,Speed Hump,1001134568,,Asphalt,2009,,In Service,7803-0066-00,2009,Surrey,,,Final AB,,,,,,20091014,20091014,49.162041,-122.780456
7,Speed Hump,1001134570,,Asphalt,2008,,In Service,7803-0066-00,2009,Surrey,,,Initial AB,,,,,,20091014,20091014,49.161699,-122.780454
7,Speed Hump,1001136719,,Asphalt,2009,,In Service,7806-0216-00,2009,Surrey,,,Final AB,,,,,,20091029,20091029,49.111313,-122.811794
7,Speed Hump,1001135558,,Asphalt,2009,,In Service,7807-0059-00,2009,Surrey,,,Final AB,,,,,,20091026,20091026,49.199394,-122.862039
5,Roundabout,1001200647,,Grass,2010,,In Service,7806-0035-00,2010,Surrey,,,Final AB,,,,,,20110610,20110610,49.193157,-122.879769
7,Speed Hump,1001201825,,Asphalt,,,In Service,7804-0193-00,2005,Surrey,,,EC,,,,,,20110620,20110620,49.125016,-122.692307
5,Roundabout,1001201798,,Asphalt,,,In Service,7804-0193-00,2005,Surrey,,,EC,,,,,,20110620,20110620,49.125506,-122.692552
7,Speed Hump,1001735941,,Asphalt,,,In Service,,,Surrey,,Digitized Via 2013 Air Photo,,,,,,,20140320,,49.112343,-122.815558
7,Speed Hump,1001741533,,Asphalt,,,In Service,,,Surrey,,Digitized Via 2013 Air Photo,,,,,,,20140415,,49.133249,-122.807553
7,Speed Hump,1001741537,,Asphalt,,,In Service,,,Surrey,,Digitized Via 2013 Air Photo,,,,,,,20140415,,49.133311,-122.811765
7,Speed Hump,1001740998,,Asphalt,,,Proposed,7812-0244-00,,Surrey,,,EC,,,,,,20140411,,49.046782,-122.767527
7,Speed Hump,1001741535,,Asphalt,,,In Service,,,Surrey,,Digitized Via 2013 Air Photo,,,,,,,20140415,,49.133255,-122.809731
7,Speed Hump,1001741534,,Asphalt,,,In Service,,,Surrey,,Digitized Via 2013 Air Photo,,,,,,,20140415,,49.133254,-122.808604
7,Speed Hump,1001741538,,Asphalt,,,In Service,,,Surrey,,Digitized Via 2013 Air Photo,,,,,,,20140415,,49.133246,-122.806954
7,Speed Hump,1001741536,,Asphalt,,,In Service,,,Surrey,,Digitized Via 2013 Air Photo,,,,,,,20140415,,49.133304,-122.810726
7,Speed Hump,1001753444,,Asphalt,,,Proposed,7812-0009-00,,Surrey,,,EC,,,,,,20140617,20140617,49.196703,-122.833367
7,Speed Hump,1001798310,,Asphalt,,,Proposed,7807-0283-00,2014,Surrey,,,EC,,,,,,20141201,20141201,49.134042,-122.680867
7,Speed Hump,1001707269,,Asphalt,,,In Service,7811-0330-00,2014,Surrey,,,Initial AB,,,,,,20140730,20140730,49.116914,-122.767667
9,Traffic Circle,1001779360,,Asphalt,,,Proposed,7811-0241-00,2014,Surrey,,,EC,,,,,,20140905,20140905,49.064024,-122.806786
3,Raised Crosswalk,1001777650,,Asphalt,2014,,In Service,3810-6070-00,2014,Surrey,,,Initial AB,,,,,,20140826,20140826,49.123673,-122.834364
7,Speed Hump,1001776326,,Asphalt,,,In Service,7811-0166-00,2014,Surrey,,,Initial AB,,,,,,20140820,,49.117518,-122.867104
7,Speed Hump,1001776327,,Asphalt,,,In Service,7811-0166-00,2014,Surrey,,,Initial AB,,,,,,20140820,,49.117928,-122.867026
7,Speed Hump,1001699318,,Asphalt,,,In Service,7811-0166-00,2014,Surrey,,,Initial AB,,,,,,20140820,20140820,49.116821,-122.867105
5,Roundabout,1001754739,,Concrete,2011,,In Service,1710-7020-00,2011,Surrey,,,Initial AB,,,,,,20140627,20140827,49.126365,-122.685274
3,Raised Crosswalk,1001567010,,Asphalt,2013,,In Service,7812-0015-00,2013,Surrey,,,Final AB,,,,,,20131002,20140827,49.128036,-122.684018
7,Speed Hump,1001781048,,Asphalt,,,Proposed,7811-0067-00,2014,Surrey,,,EC,,,,,,20140919,20140919,49.112336,-122.813058
7,Speed Hump,1001559203,,Asphalt,,,In Service,7811-0129-00,2014,Surrey,,,Final AB,,,,,,20141203,20141203,49.139984,-122.822700
7,Speed Hump,1001201505,,Asphalt,,,In Service,7807-0351-00,2012,Surrey,,,Final AB,,,,,,20140502,20141203,49.119155,-122.715362
7,Speed Hump,1001803317,,Asphalt,,,Proposed,7813-0092-00,2014,Surrey,,,EC,,,,,,20150123,20150123,49.113274,-122.823680
7,Speed Hump,1001803319,,Asphalt,,,Proposed,7813-0092-00,2014,Surrey,,,EC,,,,,,20150123,20150123,49.113273,-122.824680
3,Raised Crosswalk,1001075222,136,Asphalt,2014,0,In Service,1707-8010-00,2008,Surrey,136, ,Initial AB,,,,,,20150220,20150220,49.148237,-122.787176
4,Raised Intersection,1001075196,168,Asphalt,2008,0,In Service,1708-8040-00,2008,Surrey,168,2006,Final AB,,,,,,,20081212,49.125922,-122.715398
7,Speed Hump,1001075272,109,Asphalt,2007,45,In Service, ,2007,Surrey,109, ,Final AB,,,,,,,20081212,49.149862,-122.808798
7,Speed Hump,1001075256,169,Asphalt,,0,In Service, ,,Surrey,169,TC05-68,Final AB,,,,,,,20110726,49.164533,-122.873570
7,Speed Hump,1001075218,170,Asphalt,,0,In Service, ,,Surrey,170, ,Final AB,,,,,,,20110726,49.164749,-122.873568
7,Speed Hump,1001075190,171,Asphalt,,0,In Service, ,,Surrey,171, ,Final AB,,,,,,,20110726,49.166325,-122.873606
7,Speed Hump,1001205330,,Asphalt,2011,,In Service,7807-0137-00,2011,Surrey,,,Final AB,,,,,,20110729,20110729,49.043463,-122.792723
7,Speed Hump,1001166633,,Asphalt,2009,,In Service,7805-0384-00,2010,Surrey,Lane SW of 67 Ave & 191A St,,Final AB,,,,,,20100707,20100712,49.124683,-122.694500
7,Speed Hump,1001144987,,Asphalt,2009,,In Service,7807-0321-00,2009,Surrey,Lane between 1965 128 St & 1968 127A St,,Final AB,,,,,,20100106,20100712,49.037999,-122.868232
10,Traffic Closure Gate,1001161384,,,2009,,In Service,7804-0411-00,2009,Surrey,SE Cor of 0 Ave & 174 St,,Final AB,,,,,,20100521,20100712,49.002155,-122.741047
7,Speed Hump,1001143224,,Asphalt,2009,,In Service,7806-0205-00,2009,Surrey,Lane SE of 68 Ave & 193B St,,Final AB,,,,,,20091210,20100712,49.125906,-122.686069
7,Speed Hump,1001213754,,Asphalt,2010,,In Service,7808-0063-00,2011,Surrey,,,Final AB,,,,,,20110920,20110920,49.136275,-122.690074
3,Raised Crosswalk,1001075350,30,Asphalt,2005,356,In Service, ,2005,Surrey,30, ,Final AB,,,,,,,20100902,49.061620,-122.790178
3,Raised Crosswalk,1001075175,19,Asphalt,2005,358,In Service, ,2005,Surrey,19, ,Final AB,,,,,,,20100902,49.071879,-122.787382
7,Speed Hump,1001144326,,Asphalt,2010,,In Service,7806-0118-00,2010,Surrey,Lane NE of 21 Ave & 128 St,,Final AB,,,,,,20091222,20110708,49.040070,-122.866814
7,Speed Hump,1001171148,,Asphalt,,,In Service,7806-0009-00,2010,Surrey,Lane E/O 59A Ave & 183A St,,Final AB,,,,,,20100827,20110708,49.110467,-122.713354
4,Raised Intersection,1001180513,,Concrete,2009,,In Service,7804-0411-00,2009,Surrey,1 Ave & 173 St,,Final AB,,,,,,20101104,20110708,49.004171,-122.743930
4,Raised Intersection,1001180598,,Asphalt,2009,,In Service,7804-0411-00,2009,Surrey,2 Ave & 173 St,,Final AB,,,,,,20101104,20110708,49.005550,-122.743955
7,Speed Hump,1001212838,,Asphalt,2010,,In Service,7807-0086-00,2010,Surrey,,,Final AB,,,,,,20110914,20110914,49.135755,-122.684468
7,Speed Hump,1001144836,,Asphalt,,,In Service,MOTH 71101-2005,2007,Surrey,,,Final AB,,,,,,20100104,20100105,49.110709,-122.735684
7,Speed Hump,1001144837,,Asphalt,,,In Service,MOTH 71101-2005,2007,Surrey,,,Final AB,,,,,,20100104,20100105,49.110370,-122.735676
2,Diverter,1001075259,203,Concrete,,0,In Service, ,,Surrey,203, ,Final AB,,,,,,,20111130,49.202804,-122.863338
7,Speed Hump,1001144838,,Asphalt,,,In Service,MOTH 71101-2005,2007,Surrey,,,Final AB,,,,,,20100104,20100105,49.109960,-122.735677
7,Speed Hump,1001152687,,Asphalt,2009,,In Service,MOTH 11651-0000,2009,Provincial,,,Final AB,,,,,,20100316,20100316,49.002438,-122.735433
7,Speed Hump,1001152688,,Asphalt,2009,,In Service,MOTH 11651-0000,2009,Provincial,,,Final AB,,,,,,20100316,20100316,49.003565,-122.735392
7,Speed Hump,1001154116,,Asphalt,,,Proposed,7809-0099-00,2009,Surrey,,,EC,,,,,,20100330,20100401,49.006746,-122.737197
7,Speed Hump,1001152689,,Asphalt,2009,,In Service,MOTH 11651-0000,2009,Provincial,,,Final AB,,,,,,20100316,20100317,49.004654,-122.735450
3,Raised Crosswalk,1001211265,,Asphalt,,,In Service,3811-6030-00,2012,Surrey,,,Initial AB,,,,,,20130123,20130123,49.180615,-122.880506
7,Speed Hump,1001169579,,Asphalt,,,In Service,7807-0178-00,2010,Surrey,,,Final AB,,,,,,20100811,20100811,49.111304,-122.806983
3,Raised Crosswalk,1001154135,,Asphalt,,,Proposed,7809-0099-00,2009,Surrey,,,EC,,,,,,20100330,20100401,49.008455,-122.736730
7,Speed Hump,1001154117,,Asphalt,,,Proposed,7809-0099-00,2009,Surrey,,,EC,,,,,,20100330,20100401,49.007637,-122.736954
7,Speed Hump,1001154114,,Asphalt,,,Proposed,7809-0099-00,2009,Surrey,,,EC,,,,,,20100330,20100401,49.005870,-122.737362
7,Speed Hump,1001158003,,Asphalt,2009,,In Service,7805-0154-00,2009,Surrey,,,Final AB,,,,,,20100503,20100503,49.115859,-122.830459
7,Speed Hump,1001174764,,Asphalt,2010,,In Service,7807-0332-00,2010,Surrey,,,Final AB,,,,,,20101004,20101028,49.131127,-122.822712
9,Traffic Circle,1001211084,,Concrete,,,In Service,1710-8080-00,2012,Surrey,92 Ave & Prince Charles Blvd.,,Final AB,,,,,,20120924,20120924,49.169751,-122.860578
5,Roundabout,1000963727,,Concrete,2006,,In Service,MOTH 11257,2006,Provincial,King George Hwy @ 8 Ave,,Final AB,,,,,,20100719,20100719,49.016578,-122.762335
5,Roundabout,1000963726,,Concrete,2006,,In Service,MOTH 11257,2006,Provincial,Hwy 99 off/on ramps @ 8 Ave,,Final AB,,,,,,20100719,20100719,49.016847,-122.758081
7,Speed Hump,1001169331,,Asphalt,2009,,In Service,7805-0368-00,2009,Surrey,,,Final AB,,,,,,20100806,20100813,49.116019,-122.827102
7,Speed Hump,1001169332,,Asphalt,2009,,In Service,7805-0368-00,2009,Surrey,,,Final AB,,,,,,20100806,20100813,49.115658,-122.827100
3,Raised Crosswalk,1001194239,,Asphalt,2010,,In Service,7806-0317-00,2010,Surrey,,,Final AB,,,,,,20110331,20110331,49.143992,-122.752345
7,Speed Hump,1001563430,,Asphalt,,,In Service,7806-0066-00,2009,Surrey,,,Final AB,,,,,,20130116,20130116,49.134058,-122.684918
9,Traffic Circle,1001211099,,Concrete,,,In Service,1710-8080-00,2012,Surrey,Prince Charles Blvd. & 92A Ave.,,Final AB,,,,,,20120924,20120924,49.171256,-122.861498
7,Speed Hump,1001151845,,Asphalt,,,In Service,7807-0400-00,2013,Surrey,,,Final AB,,,,,,20130509,20130509,49.033386,-122.797806
7,Speed Hump,1001435885,,Asphalt,,,In Service,7811-0249-00,2013,Surrey,,,Final AB,,,,,,20121009,20130917,49.124415,-122.713369
7,Speed Hump,1001164980,,Asphalt,,,In Service,7809-0200-00,2010,Surrey,,,Final AB,,,,,,20101008,20101008,49.186610,-122.745446
7,Speed Hump,1001175814,,Asphalt,2010,,In Service,7805-0003-00,2010,Surrey,,,Final AB,,,,,,20101013,20101013,49.136900,-122.685487
7,Speed Hump,1001175450,,Asphalt,2010,,In Service,7804-0335-00,2010,Surrey,,,Final AB,,,,,,20101012,20101012,49.106431,-122.731366
9,Traffic Circle,1001181579,,Concrete,2010,,In Service,7806-0321-00,2010,Surrey,,,Final AB,,,,,,20101115,20101222,49.188863,-122.854294
7,Speed Hump,1001151767,,Asphalt,2010,,In Service,7807-0132-00,2010,Surrey,,,Final AB,,,,,,20100304,20110104,49.182682,-122.855913
7,Speed Hump,1001435886,,Asphalt,,,In Service,7811-0249-00,2013,Surrey,,,Final AB,,,,,,20121009,20130917,49.124928,-122.713388
4,Raised Intersection,1001419786,,Asphalt,2012,,In Service,7807-0032-00,2013,Surrey,,,Final AB,,,,,,20130307,20130412,49.064492,-122.782282
7,Speed Hump,1001593155,,Asphalt,,,In Service,7802-0283-00,2008,Surrey,,,Final AB,,,,,,20130424,20130424,49.115316,-122.807149
7,Speed Hump,1001211299,,Asphalt,,,In Service,,,Surrey,,,,,,,,,20110902,20110902,49.196856,-122.836935
7,Speed Hump,1001211364,,Asphalt,,,In Service,,,Surrey,,,,,,,,,20110902,20110902,49.197860,-122.836924
7,Speed Hump,1001215655,,Asphalt,2009,,In Service,1707-3030-00,2009,Surrey,,,Final AB,,,,,,20111013,20111013,49.177609,-122.878840
7,Speed Hump,1001156076,,Asphalt,2008,,In Service,7805-0232-00,2008,Surrey,,,Final AB,,,,,,20100415,20100415,49.134082,-122.688798
7,Speed Hump,1001156077,,Asphalt,2008,,In Service,7805-0232-00,2008,Surrey,,,Final AB,,,,,,20100415,20100415,49.134077,-122.687960
7,Speed Hump,1001156078,,Asphalt,2008,,In Service,7805-0232-00,2008,Surrey,,,Final AB,,,,,,20100415,20100415,49.134089,-122.689784
7,Speed Hump,1001156100,,Asphalt,2008,,In Service,7805-0232-00,2008,Surrey,,,Final AB,,,,,,20100415,20100415,49.134489,-122.690083
7,Speed Hump,1001156101,,Asphalt,2008,,In Service,7805-0232-00,2008,Surrey,,,Final AB,,,,,,20100415,20100415,49.133857,-122.690086
7,Speed Hump,1001173957,,Asphalt,2010,,In Service,7806-0458-00,2010,Surrey,,,Final AB,,,,,,20100924,20110203,49.169130,-122.831731
7,Speed Hump,1001173959,,Asphalt,2010,,In Service,7806-0458-00,2010,Surrey,,,Final AB,,,,,,20100924,20110203,49.168752,-122.832652
9,Traffic Circle,1001177670,,Asphalt,2010,,In Service,7806-0268-00,2010,Surrey,101B Ave & 131 St,,Final AB,,,,,,20101021,20101021,49.187669,-122.859599
7,Speed Hump,1001163889,,Asphalt,2010,,In Service,7806-0272-00,2010,Surrey,,,Final AB,,,,,,20101020,20101020,49.112612,-122.812771
7,Speed Hump,1001177675,,Asphalt,2010,,In Service,7806-0268-00,2010,Surrey,,,Final AB,,,,,,20101021,20101021,49.188256,-122.859994
7,Speed Hump,1001173958,,Asphalt,2010,,In Service,7806-0458-00,2010,Surrey,,,Final AB,,,,,,20100924,20110203,49.169532,-122.833621
7,Speed Hump,1001173955,,Asphalt,2010,,In Service,7806-045/8-00,2010,Surrey,,,Final AB,,,,,,20100924,20110203,49.169705,-122.832473
7,Speed Hump,1001173956,,Asphalt,2010,,In Service,7806-0458-00,2010,Surrey,,,Final AB,,,,,,20100924,20110203,49.169708,-122.831773
3,Raised Crosswalk,1001171361,,Asphalt,,,In Service,7805-0338-00,2011,Surrey,,,Final AB,,,,,,20110525,20110525,49.111439,-122.866301
7,Speed Hump,1001171362,,Asphalt,2011,,In Service,7805-0338-00,2011,Surrey,,,Final AB,,,,,,20110525,20110525,49.110343,-122.865960
7,Speed Hump,1001171363,,Asphalt,2011,,In Service,7805-0338-00,2011,Surrey,,,Final AB,,,,,,20110525,20110525,49.110427,-122.865273
7,Speed Hump,1001171364,,Asphalt,2011,,In Service,7805-0338-00,2011,Surrey,,,Final AB,,,,,,20110525,20110525,49.110601,-122.865674
7,Speed Hump,1001171365,,Asphalt,,,In Service,7805-0338-00,2011,Surrey,,,Final AB,,,,,,20110525,20110525,49.111448,-122.865288
7,Speed Hump,1001171366,,Asphalt,2011,,In Service,7805-0338-00,2011,Surrey,,,Final AB,,,,,,20110525,20110525,49.111253,-122.865441
7,Speed Hump,1001171367,,Asphalt,,,In Service,7805-0338-00,2011,Surrey,,,Final AB,,,,,,20110525,20110525,49.111441,-122.866027
7,Speed Hump,1001199373,,Asphalt,,,In Service,,,Surrey,,,,,,,,,20110527,20110527,49.039491,-122.844348
7,Speed Hump,1001147148,,Asphalt,2006,,In Service,1703-3190-00,2006,Surrey,,,Final AB,,,,,,20100119,20100119,49.118382,-122.748354
7,Speed Hump,1001147149,,Asphalt,2006,,In Service,1703-3190-00,2006,Surrey,,,Final AB,,,,,,20100119,20100119,49.118385,-122.747338
7,Speed Hump,1001147150,,Asphalt,2006,,In Service,1703-3190-00,2006,Surrey,,,Final AB,,,,,,20100119,20100119,49.118358,-122.745707
7,Speed Hump,1001147151,,Asphalt,2006,,In Service,1703-3190-00,2006,Surrey,,,Final AB,,,,,,20100119,20100119,49.118371,-122.744761
7,Speed Hump,1001147152,,Asphalt,2006,,In Service,1703-3190-00,2006,Surrey,,,Final AB,,,,,,20100119,20100119,49.118362,-122.743811
7,Speed Hump,1001147153,,Asphalt,2006,,In Service,1703-3190-00,2006,Surrey,,,Final AB,,,,,,20100119,20100119,49.118352,-122.742665
7,Speed Hump,1001147154,,Asphalt,2006,,In Service,1703-3190-00,2006,Surrey,,,Final AB,,,,,,20100119,20100119,49.118347,-122.741928
7,Speed Hump,1001147155,,Asphalt,2006,,In Service,1703-3190-00,2006,Surrey,,,Final AB,,,,,,20100119,20100119,49.118345,-122.741019
7,Speed Hump,1001147156,,Asphalt,2006,,In Service,1703-3190-00,2006,Surrey,,,Final AB,,,,,,20100119,20100119,49.118335,-122.739026
7,Speed Hump,1001147157,,Asphalt,2006,,In Service,1703-3190-00,2006,Surrey,,,Final AB,,,,,,20100119,20100119,49.118339,-122.740076
7,Speed Hump,1001147158,,Asphalt,2006,,In Service,1703-3190-00,2006,Surrey,,,Final AB,,,,,,20100119,20100119,49.118329,-122.738372
7,Speed Hump,1001149445,,Asphalt,2009,,In Service,1707-7030-00,2009,Surrey,,,Final AB,,,,,,20100212,20100212,49.050149,-122.791149
4,Raised Intersection,1001149446,,Asphalt,2009,,In Service,1707-7030-00,2009,Surrey,27 Ave & Cranley Dr,,Final AB,,,,,,20100212,20100212,49.051095,-122.792248
4,Raised Intersection,1001149447,,Asphalt,2009,,In Service,1707-7030-00,2009,Surrey,26 Ave & Cranley Dr,,Final AB,,,,,,20100212,20100212,49.049248,-122.790311
7,Speed Hump,1001188228,,Asphalt,2009,,In Service,7806-0098-00,2009,Surrey,,,Final AB,,,,,,20110131,20110131,49.008911,-122.743938
